AvatarID,AvatarUnlockType,UnlockValue,IsIncremental,IncrementBgColor,CollectionName,HasAchievement,IncrementFromReward
Avatar1,Auto,1,FALSE,,Basic,FALSE,FALSE
Avatar2,Auto,1,FALSE,,Basic,FALSE,FALSE
Avatar3,Auto,1,FALSE,,Basic,FALSE,FALSE
Avatar4,Stage,50,FALSE,,Stage,TRUE,FALSE
Avatar5,Stage,100,FALSE,,Stage,TRUE,FALSE
Avatar6,Stage,150,FALSE,,Stage,TRUE,FALSE
Avatar7,Stage,200,FALSE,,Stage,TRUE,FALSE
Avatar8,Stage,250,FALSE,,Stage,TRUE,FALSE
Avatar9,Stage,300,FALSE,,Stage,TRUE,FALSE
Avatar10,Stage,350,FALSE,,Stage,TRUE,FALSE
Avatar11,Stage,400,FALSE,,Stage,TRUE,FALSE
Avatar17,Stage,500,FALSE,,Stage,TRUE,FALSE
Avatar18,Stage,750,FALSE,,Stage,TRUE,FALSE
Avatar19,Stage,1000,FALSE,,Stage,TRUE,FALSE
Avatar20,Stage,1500,FALSE,,Stage,TRUE,FALSE
Avatar21,Stage,2000,FALSE,,Stage,TRUE,FALSE
Avatar22,Stage,2500,FALSE,,Stage,TRUE,FALSE
Avatar23,Stage,3000,FALSE,,Stage,TRUE,FALSE
Avatar24,Stage,3500,FALSE,,Stage,TRUE,FALSE
Avatar53,Stage,4000,FALSE,,Stage,TRUE,FALSE
Avatar54,Stage,4500,FALSE,,Stage,TRUE,FALSE
Avatar55,Stage,5000,FALSE,,Stage,TRUE,FALSE
Avatar56,Stage,6000,FALSE,,Stage,TRUE,FALSE
Avatar57,Stage,7000,FALSE,,Stage,TRUE,FALSE
Avatar58,Stage,8000,FALSE,,Stage,TRUE,FALSE
Avatar59,Stage,9000,FALSE,,Stage,TRUE,FALSE
Avatar60,Stage,10000,FALSE,,Stage,TRUE,FALSE
Avatar61,Stage,11000,FALSE,,Stage,TRUE,FALSE
Avatar62,Stage,12000,FALSE,,Stage,TRUE,FALSE
Avatar63,Stage,15000,FALSE,,Stage,TRUE,FALSE
AvatarMilestones10,Milestones,32,FALSE,,Milestone,TRUE,FALSE
AvatarMilestones20,Milestones,38,FALSE,,Milestone,TRUE,FALSE
AvatarMilestones30,Milestones,44,FALSE,,Milestone,TRUE,FALSE
AvatarMilestones40,Milestones,50,FALSE,,Milestone,TRUE,FALSE
AvatarMilestones50,Milestones,56,FALSE,,Milestone,TRUE,FALSE
AvatarMilestones60,Milestones,62,FALSE,,Milestone,TRUE,FALSE
AvatarMilestones70,Milestones,68,FALSE,,Milestone,TRUE,FALSE
AvatarMilestones80,Milestones,74,FALSE,,Milestone,TRUE,FALSE
AvatarMilestones90,Milestones,79,FALSE,,Milestone,TRUE,FALSE
AvatarMilestones100,Milestones,84,FALSE,,Milestone,TRUE,FALSE
AvatarMilestones110,Milestones,89,FALSE,,Milestone,TRUE,FALSE
AvatarMilestones120,Milestones,94,FALSE,,Milestone,TRUE,FALSE
AvatarMilestones130,Milestones,98,FALSE,,Milestone,TRUE,FALSE
AvatarMilestones140,Milestones,102,FALSE,,Milestone,TRUE,FALSE
AvatarMilestones150,Milestones,106,FALSE,,Milestone,TRUE,FALSE
AvatarMilestones160,Milestones,110,FALSE,,Milestone,TRUE,FALSE
AvatarMilestones170,Milestones,114,FALSE,,Milestone,TRUE,FALSE
AvatarMilestones180,Milestones,118,FALSE,,Milestone,TRUE,FALSE
Avatar25,PetLevel,"Pet2,60",FALSE,,Pet,FALSE,FALSE
Avatar26,PetLevel,"Pet3,100",FALSE,,Pet,FALSE,FALSE
Avatar27,PetLevel,"Pet4,30",FALSE,,Pet,FALSE,FALSE
Avatar28,PetLevel,"Pet5,60",FALSE,,Pet,FALSE,FALSE
Avatar29,PetLevel,"Pet6,60",FALSE,,Pet,FALSE,FALSE
Avatar30,PetLevel,"Pet7,60",FALSE,,Pet,FALSE,FALSE
Avatar31,PetLevel,"Pet8,60",FALSE,,Pet,FALSE,FALSE
Avatar32,PetLevel,"Pet9,100",FALSE,,Pet,FALSE,FALSE
Avatar33,PetLevel,"Pet10,100",FALSE,,Pet,FALSE,FALSE
Avatar34,PetLevel,"Pet11,100",FALSE,,Pet,FALSE,FALSE
Avatar35,PetLevel,"Pet12,100",FALSE,,Pet,FALSE,FALSE
Avatar36,PetLevel,"Pet13,30",FALSE,,Pet,FALSE,FALSE
Avatar37,PetLevel,"Pet14,30",FALSE,,Pet,FALSE,FALSE
Avatar38,PetLevel,"Pet15,30",FALSE,,Pet,FALSE,FALSE
Avatar39,PetLevel,"Pet16,30",FALSE,,Pet,FALSE,FALSE
AvatarFireTribe,EquipmentSet,1,FALSE,,EquipmentSet,FALSE,FALSE
AvatarSkulls,EquipmentSet,1,FALSE,,EquipmentSet,FALSE,FALSE
AvatarHighTecLightning,EquipmentSet,1,FALSE,,EquipmentSet,FALSE,FALSE
AvatarPirate,EquipmentSet,1,FALSE,,EquipmentSet,FALSE,FALSE
AvatarDarkAlien,EquipmentSet,1,FALSE,,EquipmentSet,FALSE,FALSE
AvatarBlueFlame,EquipmentSet,1,FALSE,,EquipmentSet,FALSE,FALSE
AvatarSamurai,EquipmentSet,1,FALSE,,EquipmentSet,FALSE,FALSE
AvatarBoneTribe,EquipmentSet,1,FALSE,,EquipmentSet,FALSE,FALSE
AvatarAnniversary,EquipmentSet,1,FALSE,,EquipmentSet,FALSE,FALSE
AvatarGhost,EquipmentSet,1,FALSE,,EquipmentSet,FALSE,FALSE
Avatar40,Crate,1,FALSE,,None,FALSE,FALSE
Avatar41,Valentine,1,FALSE,,Valentine,FALSE,FALSE
Avatar42,Valentine,1,FALSE,,Valentine,FALSE,FALSE
Avatar43,Valentine,1,FALSE,,Valentine,FALSE,FALSE
Avatar44,Valentine,1,FALSE,,Valentine,FALSE,FALSE
Avatar12,TT1,1,FALSE,,Legacy,FALSE,FALSE
Avatar16,TT1,1,FALSE,,Legacy,FALSE,FALSE
Avatar13,Beta,1,FALSE,,Beta,FALSE,FALSE
Avatar14,Beta,1,FALSE,,Beta,FALSE,FALSE
Avatar65,Beta2,1,FALSE,,Beta,FALSE,FALSE
Avatar66,Beta2,1,FALSE,,Beta,FALSE,FALSE
AvatarBeta3Green,Beta3,1,FALSE,,Beta,FALSE,FALSE
AvatarBeta3Cards,Beta3,1,FALSE,,Beta,FALSE,FALSE
AvatarBeta3Ticket,Beta3,1,FALSE,,Beta,FALSE,FALSE
AvatarBeta6,Beta6,1,FALSE,,Beta,FALSE,FALSE
AvatarBeta7Soul,Beta7,1,FALSE,,Beta,FALSE,FALSE
AvatarBeta7Cauldron,Beta7,1,FALSE,,Beta,FALSE,FALSE
AvatarTwitch,Twitch,1,FALSE,,Twitch,FALSE,FALSE
AvatarTwitchMod,Twitch,1,FALSE,,Twitch,FALSE,FALSE
AvatarTwitchBlue,Twitch,1,FALSE,,Twitch,FALSE,FALSE
AvatarTwitchGreen,Twitch,1,FALSE,,Twitch,FALSE,FALSE
AvatarTwitchPurple,Twitch,1,FALSE,,Twitch,FALSE,FALSE
AvatarTwitchDona,Twitch,1,FALSE,,Twitch,FALSE,FALSE
AvatarTwitchPink,TwitchDonate50,1,FALSE,,Twitch,FALSE,FALSE
AvatarRibbon,Contest,1,FALSE,,Special,FALSE,FALSE
AvatarTrophy,Contest,1,FALSE,,Special,FALSE,FALSE
AvatarUndisputed,UndisputedChampion,1,TRUE,#ffcc00,UndisputedTournament,TRUE,FALSE
AvatarUndisputed2,UndisputedChampion,5,TRUE,#ffcc00,UndisputedTournament,TRUE,FALSE
AvatarUndisputed3,UndisputedChampion,10,TRUE,#ffcc00,UndisputedTournament,TRUE,FALSE
AvatarUndisputed4,UndisputedChampion,25,TRUE,#ffcc00,UndisputedTournament,TRUE,FALSE
AvatarUndisputed5,UndisputedChampion,50,TRUE,#ffcc00,UndisputedTournament,TRUE,FALSE
AvatarVIP,VIP,99.5,FALSE,,None,FALSE,FALSE
Avatar15,GameHive,1,FALSE,,None,FALSE,FALSE
AvatarHolidayHalloween2019,HolidayHalloween2019,1,FALSE,,Holiday,FALSE,FALSE
AvatarHolidayChristmas2019,HolidayChristmas2019,1,FALSE,,Holiday,FALSE,FALSE
AvatarHolidayValentines2020,HolidayValentines2020,1,FALSE,,Holiday,FALSE,FALSE
AvatarHolidaySummer2020,HolidaySummer2020,1,FALSE,,Holiday,FALSE,FALSE
AvatarHolidaySummer2020SeasonPass,HolidaySummer2020,1,FALSE,,HolidayPremium,FALSE,FALSE
AvatarHolidayHalloween2020,HolidayHalloween2020,1,FALSE,,Holiday,FALSE,FALSE
AvatarHolidayHalloween2020SeasonPass,HolidayHalloween2020,1,FALSE,,HolidayPremium,FALSE,FALSE
AvatarHolidayAnniversary2020,HolidayAnniversary2020,1,FALSE,,Holiday,FALSE,FALSE
AvatarHolidayAnniversary2020SeasonPass,HolidayAnniversary2020,1,FALSE,,HolidayPremium,FALSE,FALSE
AvatarHolidayChristmas2020,HolidayChristmas2020,1,FALSE,,Holiday,FALSE,FALSE
AvatarHolidayChristmas2020SeasonPass,HolidayChristmas2020,1,FALSE,,HolidayPremium,FALSE,FALSE
AvatarHolidayValentines2021,HolidayValentines2021,1,FALSE,,Holiday,FALSE,FALSE
AvatarHolidayValentines2021SeasonPass,HolidayValentines2021,1,FALSE,,HolidayPremium,FALSE,FALSE
AvatarHolidayTavern2021,HolidayTavern2021,1,FALSE,,Holiday,FALSE,FALSE
AvatarHolidayTavern2021SeasonPass,HolidayTavern2021,1,FALSE,,HolidayPremium,FALSE,FALSE
AvatarHolidayRockstar2021,HolidayRockstar2021,1,FALSE,,Holiday,FALSE,FALSE
AvatarHolidayRockstar2021SeasonPass,HolidayRockstar2021,1,FALSE,,HolidayPremium,FALSE,FALSE
AvatarHolidayThemePark2021,HolidayThemePark2021,1,FALSE,,Holiday,FALSE,FALSE
AvatarHolidayThemePark2021SeasonPass,HolidayThemePark2021,1,FALSE,,HolidayPremium,FALSE,FALSE
AvatarHolidayHalloween2021,HolidayHalloween2021,1,FALSE,,Holiday,FALSE,FALSE
AvatarHolidayHalloween2021SeasonPass,HolidayHalloween2021,1,FALSE,,HolidayPremium,FALSE,FALSE
AvatarHolidayAnniversary2021,HolidayAnniversary2021,1,FALSE,,Holiday,FALSE,FALSE
AvatarHolidayAnniversary2021SeasonPass,HolidayAnniversary2021,1,FALSE,,HolidayPremium,FALSE,FALSE
AvatarHolidayChristmas2021,HolidayChristmas2021,1,FALSE,,Holiday,FALSE,FALSE
AvatarHolidayChristmas2021SeasonPass,HolidayChristmas2021,1,FALSE,,HolidayPremium,FALSE,FALSE
AvatarHolidayValentines2022,HolidayValentines2022,1,FALSE,,Holiday,FALSE,FALSE
AvatarHolidayValentines2022SeasonPass,HolidayValentines2022,1,FALSE,,HolidayPremium,FALSE,FALSE
AvatarHolidayTavern2022,HolidayTavern2022,1,FALSE,,Holiday,FALSE,FALSE
AvatarHolidayTavern2022SeasonPass,HolidayTavern2022,1,FALSE,,HolidayPremium,FALSE,FALSE
AvatarHolidayBeach2022,HolidayBeach2022,1,FALSE,,Holiday,FALSE,FALSE
AvatarHolidayBeach2022SeasonPass,HolidayBeach2022,1,FALSE,,HolidayPremium,FALSE,FALSE
AvatarHolidayThemePark2022,HolidayThemePark2022,1,FALSE,,Holiday,FALSE,FALSE
AvatarHolidayThemePark2022SeasonPass,HolidayThemePark2022,1,FALSE,,HolidayPremium,FALSE,FALSE
AvatarHolidayHalloween2022,HolidayHalloween2022,1,FALSE,,Holiday,FALSE,FALSE
AvatarHolidayHalloween2022SeasonPass,HolidayHalloween2022,1,FALSE,,HolidayPremium,FALSE,FALSE
AvatarHolidayAnniversary2022,HolidayAnniversary2022,1,FALSE,,Holiday,FALSE,FALSE
AvatarHolidayAnniversary2022SeasonPass,HolidayAnniversary2022,1,FALSE,,HolidayPremium,FALSE,FALSE
AvatarHolidayChristmas2022,HolidayChristmas2022,1,FALSE,,Holiday,FALSE,FALSE
AvatarHolidayChristmas2022SeasonPass,HolidayChristmas2022,1,FALSE,,HolidayPremium,FALSE,FALSE
AvatarHolidayTavern2023,HolidayTavern2023,1,FALSE,,Holiday,FALSE,FALSE
AvatarHolidayTavern2023SeasonPass,HolidayTavern2023,1,FALSE,,HolidayPremium,FALSE,FALSE
AvatarHolidaySummer2023,HolidaySummer2023,1,FALSE,,Holiday,FALSE,FALSE
AvatarHolidaySummer2023SeasonPass,HolidaySummer2023,1,FALSE,,HolidayPremium,FALSE,FALSE
AvatarHolidayAnniversary2023,HolidayAnniversary2023,1,FALSE,,Holiday,FALSE,FALSE
AvatarHolidayAnniversary2023SeasonPass,HolidayAnniversary2023,1,FALSE,,HolidayPremium,FALSE,FALSE
AvatarHolidayHalloween2023,HolidayHalloween2023,1,FALSE,,Holiday,FALSE,FALSE
AvatarHolidayChristmas2023,HolidayChristmas2023,1,FALSE,,Holiday,FALSE,FALSE
AvatarHolidayChristmas2023SeasonPass,HolidayChristmas2023,1,FALSE,,HolidayPremium,FALSE,FALSE
AvatarHolidayRockstar2024,HolidayRockstar2024,1,FALSE,,Holiday,FALSE,FALSE
AvatarHolidayRockstar2024SeasonPass,HolidayRockstar2024,1,FALSE,,HolidayPremium,FALSE,FALSE
AvatarHolidayTavern2024,HolidayTavern2024,1,FALSE,,Holiday,FALSE,FALSE
AvatarHolidayTavern2024SeasonPass,HolidayTavern2024,1,FALSE,,HolidayPremium,FALSE,FALSE
AvatarHolidayBeach2024,HolidayBeach2024,1,FALSE,,Holiday,FALSE,FALSE
AvatarHolidayBeach2024SeasonPass,HolidayBeach2024,1,FALSE,,HolidayPremium,FALSE,FALSE
AvatarHolidayHalloween2024,HolidayHalloween2024,1,FALSE,,Holiday,FALSE,FALSE
AvatarHolidayHalloween2024SeasonPass,HolidayHalloween2024,1,FALSE,,HolidayPremium,FALSE,FALSE
AvatarHolidayAnniversary2024,HolidayAnniversary2024,1,FALSE,,Holiday,FALSE,FALSE
AvatarHolidayAnniversary2024SeasonPass,HolidayAnniversary2024,1,FALSE,,HolidayPremium,FALSE,FALSE
AvatarHolidayChristmas2024,HolidayChristmas2024,1,FALSE,,Holiday,FALSE,FALSE
AvatarHolidayChristmas2024SeasonPass,HolidayChristmas2024,1,FALSE,,HolidayPremium,FALSE,FALSE
AvatarBombChristmas2024Top100,HolidayChristmas2024,1,FALSE,,Holiday,FALSE,FALSE
AvatarBombChristmas2024Top10,HolidayChristmas2024,1,FALSE,,Holiday,FALSE,FALSE
AvatarHolidayValentines2025,HolidayValentines2025,1,FALSE,,Holiday,FALSE,FALSE
AvatarHolidayValentines2025SeasonPass,HolidayValentines2025,1,FALSE,,HolidayPremium,FALSE,FALSE
AvatarHolidayHalloween2025,HolidayHalloween2025,1,FALSE,,Holiday,FALSE,FALSE
AvatarHolidayHalloween2025SeasonPass,HolidayHalloween2025,1,FALSE,,HolidayPremium,FALSE,FALSE
AvatarHolidayAnniversary2025,HolidayAnniversary2025,1,FALSE,,Holiday,FALSE,FALSE
AvatarHolidayAnniversary2025SeasonPass,HolidayAnniversary2025,1,FALSE,,HolidayPremium,FALSE,FALSE
BombGameGeneric1,BombGameGeneric1,1,TRUE,#ffcc00,Holiday,FALSE,TRUE
AvatarPetParadiseGeneric1,PetParadiseGeneric1,1,TRUE,#ffcc00,Holiday,FALSE,TRUE
FireStoneEvent1,GenericEvent1,1,FALSE,,Firestone,FALSE,FALSE
FireStoneEvent2,GenericEvent1,1,FALSE,,Firestone,FALSE,FALSE
FireStoneEvent3,GenericEvent1,1,FALSE,,Firestone,FALSE,FALSE
FireStoneEvent4,GenericEvent1,1,FALSE,,Firestone,FALSE,FALSE
FireStoneEvent5,GenericEvent1,1,FALSE,,Firestone,FALSE,FALSE
FireStoneEvent6,GenericEvent1,1,FALSE,,Firestone,FALSE,FALSE
FireStoneEvent7,GenericEvent1,1,FALSE,,Firestone,FALSE,FALSE
FireStoneEvent8,GenericEvent1,1,FALSE,,Firestone,FALSE,FALSE
FireStoneEvent9,GenericEvent1,1,FALSE,,Firestone,FALSE,FALSE
FireStoneEvent10,GenericEvent1,1,FALSE,,Firestone,FALSE,FALSE
FireStoneEvent11,GenericEvent1,1,FALSE,,Firestone,FALSE,FALSE
FireStoneEvent12,GenericEvent1,1,FALSE,,Firestone,FALSE,FALSE
FireStoneEvent13,GenericEvent1,1,FALSE,,Firestone,FALSE,FALSE
FireStoneEvent14,GenericEvent1,1,FALSE,,Firestone,FALSE,FALSE
FireStoneEvent15,GenericEvent1,1,FALSE,,Firestone,FALSE,FALSE
FireStoneEvent16,GenericEvent1,1,FALSE,,Firestone,FALSE,FALSE
FireStoneEvent17,GenericEvent1,1,FALSE,,Firestone,FALSE,FALSE
FireStoneEvent18,GenericEvent1,1,FALSE,,Firestone,FALSE,FALSE
FireStoneEvent19,GenericEvent1,1,FALSE,,Firestone,FALSE,FALSE
FireStoneEvent20,GenericEvent1,1,FALSE,,Firestone,FALSE,FALSE
FireStoneEvent21,GenericEvent1,1,FALSE,,Firestone,FALSE,FALSE
FireStoneEvent22,GenericEvent1,1,FALSE,,Firestone,FALSE,FALSE
FireStoneEvent23,GenericEvent1,1,FALSE,,Firestone,FALSE,FALSE
FireStoneEvent24,GenericEvent1,1,FALSE,,Firestone,FALSE,FALSE
FireStoneEvent25,GenericEvent1,1,FALSE,,Firestone,FALSE,FALSE
FireStoneEvent26,GenericEvent1,1,FALSE,,Firestone,FALSE,FALSE
FireStoneEvent27,GenericEvent1,1,FALSE,,Firestone,FALSE,FALSE
FireStoneEvent28,GenericEvent1,1,FALSE,,Firestone,FALSE,FALSE
FireStoneEvent29,GenericEvent1,1,FALSE,,Firestone,FALSE,FALSE
FireStoneEvent30,GenericEvent1,1,FALSE,,Firestone,FALSE,FALSE
FireStoneEvent31,GenericEvent1,1,FALSE,,Firestone,FALSE,FALSE
FireStoneEvent32,GenericEvent1,1,FALSE,,Firestone,FALSE,FALSE
FireStoneEvent33,GenericEvent1,1,FALSE,,Firestone,FALSE,FALSE
FireStoneEvent34,GenericEvent1,1,FALSE,,Firestone,FALSE,FALSE
FireStoneEvent35,GenericEvent1,1,FALSE,,Firestone,FALSE,FALSE
FireStoneEvent36,GenericEvent1,1,FALSE,,Firestone,FALSE,FALSE
FireStoneEvent37,GenericEvent1,1,FALSE,,Firestone,FALSE,FALSE
FireStoneEvent38,GenericEvent1,1,FALSE,,Firestone,FALSE,FALSE
FireStoneEvent39,GenericEvent1,1,FALSE,,Firestone,FALSE,FALSE
FireStoneEvent40,GenericEvent1,1,FALSE,,Firestone,FALSE,FALSE
FireStoneEvent41,GenericEvent1,1,FALSE,,Firestone,FALSE,FALSE
FireStoneEvent42,GenericEvent1,1,FALSE,,Firestone,FALSE,FALSE
FireStoneEvent43,GenericEvent1,1,FALSE,,Firestone,FALSE,FALSE
FireStoneEvent44,GenericEvent1,1,FALSE,,Firestone,FALSE,FALSE
FireStoneEvent45,GenericEvent1,1,FALSE,,Firestone,FALSE,FALSE
FireStoneEvent46,GenericEvent1,1,FALSE,,Firestone,FALSE,FALSE
FireStoneEvent47,GenericEvent1,1,FALSE,,Firestone,FALSE,FALSE
FireStoneEvent48,GenericEvent1,1,FALSE,,Firestone,FALSE,FALSE
FireStoneEvent49,GenericEvent1,1,FALSE,,Firestone,FALSE,FALSE
FireStoneEvent50,GenericEvent1,1,FALSE,,Firestone,FALSE,FALSE
SoloRaidHighestFloor,SoloRaidHighestFloor,1,FALSE,,None,FALSE,FALSE
SoloRaidLeaderboard,SoloRaidLeaderboard,1,FALSE,,None,FALSE,FALSE
SoloRaidTopLeaderboard,SoloRaidTopLeaderboard,1,TRUE,#ffcc00,SoloRaidTop,TRUE,FALSE
SoloRaidTopLeaderboard2,SoloRaidTopLeaderboard,5,TRUE,#ffcc00,SoloRaidTop,TRUE,FALSE
SoloRaidTopLeaderboard3,SoloRaidTopLeaderboard,10,TRUE,#ffcc00,SoloRaidTop,TRUE,FALSE
SoloRaidTopLeaderboard4,SoloRaidTopLeaderboard,25,TRUE,#ffcc00,SoloRaidTop,TRUE,FALSE
SoloRaidTopLeaderboard5,SoloRaidTopLeaderboard,50,TRUE,#ffcc00,SoloRaidTop,TRUE,FALSE
SoloRaidWorld1,SoloRaidWorld,10,FALSE,,SoloRaidWorld,TRUE,FALSE
SoloRaidWorld2,SoloRaidWorld,20,FALSE,,SoloRaidWorld,TRUE,FALSE
SoloRaidWorld3,SoloRaidWorld,30,FALSE,,SoloRaidWorld,TRUE,FALSE
SoloRaidWorld4,SoloRaidWorld,40,FALSE,,SoloRaidWorld,TRUE,FALSE
SoloRaidWorld5,SoloRaidWorld,50,FALSE,,SoloRaidWorld,TRUE,FALSE
SoloRaidWorld6,SoloRaidWorld,60,FALSE,,SoloRaidWorld,TRUE,FALSE
SoloRaidWorld7,SoloRaidWorld,70,FALSE,,SoloRaidWorld,TRUE,FALSE
SoloRaidWorld8,SoloRaidWorld,80,FALSE,,SoloRaidWorld,TRUE,FALSE
Pet17,GenericEvent1,1,FALSE,,FirestonePremium,FALSE,FALSE
Pet18,GenericEvent1,1,FALSE,,FirestonePremium,FALSE,FALSE
Pet19,GenericEvent1,1,FALSE,,FirestonePremium,FALSE,FALSE
Pet20,GenericEvent1,1,FALSE,,FirestonePremium,FALSE,FALSE
Pet21,GenericEvent1,1,FALSE,,FirestonePremium,FALSE,FALSE
Pet22,GenericEvent1,1,FALSE,,FirestonePremium,FALSE,FALSE
Pet23,GenericEvent1,1,FALSE,,FirestonePremium,FALSE,FALSE
Pet24,GenericEvent1,1,FALSE,,FirestonePremium,FALSE,FALSE
Pet25,GenericEvent1,1,FALSE,,FirestonePremium,FALSE,FALSE
Pet26,GenericEvent1,1,FALSE,,FirestonePremium,FALSE,FALSE
Pet27,GenericEvent1,1,FALSE,,FirestonePremium,FALSE,FALSE
Pet28,GenericEvent1,1,FALSE,,FirestonePremium,FALSE,FALSE
Pet29,GenericEvent1,1,FALSE,,FirestonePremium,FALSE,FALSE
Pet30,GenericEvent1,1,FALSE,,FirestonePremium,FALSE,FALSE
AvatarRaidEnemy1,GenericEvent1,1,FALSE,,FirestonePremium,FALSE,FALSE
AvatarRaidEnemy1Armor,GenericEvent1,1,FALSE,,FirestonePremium,FALSE,FALSE
AvatarRaidEnemy2,GenericEvent1,1,FALSE,,FirestonePremium,FALSE,FALSE
AvatarRaidEnemy2Armor,GenericEvent1,1,FALSE,,FirestonePremium,FALSE,FALSE
AvatarRaidEnemy3,GenericEvent1,1,FALSE,,FirestonePremium,FALSE,FALSE
AvatarRaidEnemy3Armor,GenericEvent1,1,FALSE,,FirestonePremium,FALSE,FALSE
AvatarRaidEnemy4,GenericEvent1,1,FALSE,,FirestonePremium,FALSE,FALSE
AvatarRaidEnemy4Armor,GenericEvent1,1,FALSE,,FirestonePremium,FALSE,FALSE
AvatarRaidEnemy5,GenericEvent1,1,FALSE,,FirestonePremium,FALSE,FALSE
AvatarRaidEnemy5Armor,GenericEvent1,1,FALSE,,FirestonePremium,FALSE,FALSE
AvatarRaidEnemy6,GenericEvent1,1,FALSE,,FirestonePremium,FALSE,FALSE
AvatarRaidEnemy6Armor,GenericEvent1,1,FALSE,,FirestonePremium,FALSE,FALSE
AvatarRaidEnemy7,GenericEvent1,1,FALSE,,FirestonePremium,FALSE,FALSE
AvatarRaidEnemy7Armor,GenericEvent1,1,FALSE,,FirestonePremium,FALSE,FALSE
AvatarRaidEnemy8,GenericEvent1,1,FALSE,,FirestonePremium,FALSE,FALSE
AvatarRaidEnemy8Armor,GenericEvent1,1,FALSE,,FirestonePremium,FALSE,FALSE
AvatarRaidEnemyGR,GenericEvent1,1,FALSE,,FirestonePremium,FALSE,FALSE
AvatarRaidEnemyGRArmor,GenericEvent1,1,FALSE,,FirestonePremium,FALSE,FALSE
AvatarPortar,GenericEvent1,1,FALSE,,FirestonePremium,FALSE,FALSE
AvatarTitanBaby109,GenericEvent1,1,FALSE,,FirestonePremium,FALSE,FALSE
AvatarTitanBaby110,GenericEvent1,1,FALSE,,FirestonePremium,FALSE,FALSE
AvatarTitanBaby111,GenericEvent1,1,FALSE,,FirestonePremium,FALSE,FALSE
AvatarTitanBaby112,GenericEvent1,1,FALSE,,FirestonePremium,FALSE,FALSE
AvatarTitanBaby113,GenericEvent1,1,FALSE,,FirestonePremium,FALSE,FALSE
AvatarTitanBaby114,GenericEvent1,1,FALSE,,FirestonePremium,FALSE,FALSE
AvatarTitanBaby115,GenericEvent1,1,FALSE,,FirestonePremium,FALSE,FALSE
AvatarTitanBaby116,GenericEvent1,1,FALSE,,FirestonePremium,FALSE,FALSE
AvatarTitanBaby117,GenericEvent1,1,FALSE,,FirestonePremium,FALSE,FALSE
AvatarTitanBaby118,GenericEvent1,1,FALSE,,FirestonePremium,FALSE,FALSE
AvatarTitanBaby119,GenericEvent1,1,FALSE,,FirestonePremium,FALSE,FALSE
AvatarTitanBaby120,GenericEvent1,1,FALSE,,FirestonePremium,FALSE,FALSE
AvatarTitanBaby121,GenericEvent1,1,FALSE,,FirestonePremium,FALSE,FALSE
AvatarTitanBaby122,GenericEvent1,1,FALSE,,FirestonePremium,FALSE,FALSE
AvatarAbyss1,ChallengeTournamentShop,1,FALSE,,AbyssShop,FALSE,FALSE
AvatarAbyss2,ChallengeTournamentShop,1,FALSE,,AbyssShop,FALSE,FALSE
AvatarAbyss3,ChallengeTournamentShop,1,FALSE,,AbyssShop,FALSE,FALSE
AvatarAbyss4,ChallengeTournamentShop,1,FALSE,,AbyssShop,FALSE,FALSE
AvatarAbyss5,ChallengeTournamentShop,1,FALSE,,AbyssShop,FALSE,FALSE
AvatarAbyss6,ChallengeTournamentShop,1,FALSE,,AbyssShop,FALSE,FALSE
AvatarAbyss7,ChallengeTournamentShop,1,FALSE,,AbyssShop,FALSE,FALSE
AvatarAbyss8,ChallengeTournamentShop,1,FALSE,,AbyssShop,FALSE,FALSE
AvatarAbyss9,ChallengeTournamentShop,1,FALSE,,AbyssShop,FALSE,FALSE
AvatarAbyss10,ChallengeTournamentShop,1,FALSE,,AbyssShop,FALSE,FALSE
AvatarAbyss11,ChallengeTournamentShop,1,FALSE,,AbyssShop,FALSE,FALSE
AvatarAbyss12,ChallengeTournamentShop,1,FALSE,,AbyssShop,FALSE,FALSE
AvatarAbyss13,ChallengeTournamentShop,1,FALSE,,AbyssShop,FALSE,FALSE
AvatarAbyss14,ChallengeTournamentShop,1,FALSE,,AbyssShop,FALSE,FALSE
AvatarAbyss15,ChallengeTournamentShop,1,FALSE,,AbyssShop,FALSE,FALSE
AvatarAbyss16,ChallengeTournamentShop,1,FALSE,,AbyssShop,FALSE,FALSE
AvatarAbyss17,ChallengeTournamentShop,1,FALSE,,AbyssShop,FALSE,FALSE
AvatarAbyss18,ChallengeTournamentShop,1,FALSE,,AbyssShop,FALSE,FALSE
AvatarAbyss19,ChallengeTournamentShop,1,FALSE,,AbyssShop,FALSE,FALSE
AvatarAbyss20,ChallengeTournamentShop,1,FALSE,,AbyssShop,FALSE,FALSE
AvatarAbyss21,ChallengeTournamentShop,1,FALSE,,AbyssShop,FALSE,FALSE
AvatarAbyss22,ChallengeTournamentShop,1,FALSE,,AbyssShop,FALSE,FALSE
AvatarAbyss23,ChallengeTournamentShop,1,FALSE,,AbyssShop,FALSE,FALSE
AvatarAbyss24,ChallengeTournamentShop,1,FALSE,,AbyssShop,FALSE,FALSE
AvatarAbyss25,ChallengeTournamentShop,1,FALSE,,AbyssShop,FALSE,FALSE
AvatarAbyss26,ChallengeTournamentShop,1,FALSE,,AbyssShop,FALSE,FALSE
AvatarAbyss27,ChallengeTournamentShop,1,FALSE,,AbyssShop,FALSE,FALSE
AvatarAbyss28,ChallengeTournamentShop,1,FALSE,,AbyssShop,FALSE,FALSE
AvatarAbyss29,ChallengeTournamentShop,1,FALSE,,AbyssShop,FALSE,FALSE
AvatarAbyss30,ChallengeTournamentShop,1,FALSE,,AbyssShop,FALSE,FALSE
AvatarAbyss31,ChallengeTournamentShop,1,FALSE,,AbyssShop,FALSE,FALSE
AvatarAbyss32,ChallengeTournamentShop,1,FALSE,,AbyssShop,FALSE,FALSE
AvatarAbyss33,ChallengeTournamentShop,1,FALSE,,AbyssShop,FALSE,FALSE
AvatarAbyss34,ChallengeTournamentShop,1,FALSE,,AbyssShop,FALSE,FALSE
AvatarAbyss35,ChallengeTournamentShop,1,FALSE,,AbyssShop,FALSE,FALSE
AvatarAbyss36,ChallengeTournamentShop,1,FALSE,,AbyssShop,FALSE,FALSE
AvatarAbyss37,ChallengeTournamentShop,1,FALSE,,AbyssShop,FALSE,FALSE
AvatarAbyss38,ChallengeTournamentShop,1,FALSE,,AbyssShop,FALSE,FALSE
AvatarAbyss41,ChallengeTournamentShop,1,FALSE,,AbyssShop,FALSE,FALSE
AvatarAbyss42,ChallengeTournamentShop,1,FALSE,,AbyssShop,FALSE,FALSE
AvatarAbyss43,ChallengeTournamentShop,1,FALSE,,AbyssShop,FALSE,FALSE
AvatarAbyss44,ChallengeTournamentShop,1,FALSE,,AbyssShop,FALSE,FALSE
AvatarAbyss45,ChallengeTournamentShop,1,FALSE,,AbyssShop,FALSE,FALSE
AvatarAbyss46,ChallengeTournamentShop,1,FALSE,,AbyssShop,FALSE,FALSE
AvatarAbyss47,ChallengeTournamentShop,1,FALSE,,AbyssShop,FALSE,FALSE
AvatarAbyss48,ChallengeTournamentShop,1,FALSE,,AbyssShop,FALSE,FALSE
AvatarAbyss49,ChallengeTournamentShop,1,FALSE,,AbyssShop,FALSE,FALSE
AvatarAbyss50,ChallengeTournamentShop,1,FALSE,,AbyssShop,FALSE,FALSE
AvatarAbyss51,ChallengeTournamentShop,1,FALSE,,AbyssShop,FALSE,FALSE
AvatarAbyss52,ChallengeTournamentShop,1,FALSE,,AbyssShop,FALSE,FALSE
AvatarAbyss53,ChallengeTournamentShop,1,FALSE,,AbyssShop,FALSE,FALSE
AvatarAbyss54,ChallengeTournamentShop,1,FALSE,,AbyssShop,FALSE,FALSE
AvatarAbyss55,ChallengeTournamentShop,1,FALSE,,AbyssShop,FALSE,FALSE
GlobalRaidVictory,GlobalRaidVictory,1,TRUE,#ffcc00,None,FALSE,FALSE
AvatarDungeon1,DungeonQuest,1,FALSE,,DungeonQuest,FALSE,FALSE
AvatarDungeon2,DungeonQuest,1,FALSE,,DungeonQuest,FALSE,FALSE
AvatarDungeon3,DungeonQuest,1,FALSE,,DungeonQuest,FALSE,FALSE
AvatarDungeon4,DungeonQuest,1,FALSE,,DungeonQuest,FALSE,FALSE
AvatarDungeon5,DungeonQuest,1,FALSE,,DungeonQuest,FALSE,FALSE
AvatarDungeon6,DungeonQuest,1,FALSE,,DungeonQuest,FALSE,FALSE
AvatarDungeon7,DungeonQuest,1,FALSE,,DungeonQuest,FALSE,FALSE
AvatarDungeon8,DungeonQuest,1,FALSE,,DungeonQuest,FALSE,FALSE
AvatarDungeon9,DungeonQuest,1,FALSE,,DungeonQuest,FALSE,FALSE
AvatarDungeon10,DungeonQuest,1,FALSE,,DungeonQuest,FALSE,FALSE
AvatarDungeon11,DungeonQuest,1,FALSE,,DungeonQuest,FALSE,FALSE
AvatarDungeon12,DungeonQuest,1,FALSE,,DungeonQuest,FALSE,FALSE
AvatarDungeon13,DungeonQuest,1,FALSE,,DungeonQuest,FALSE,FALSE
AvatarDungeon14,DungeonQuest,1,FALSE,,DungeonQuest,FALSE,FALSE
AvatarDungeon15,DungeonQuest,1,FALSE,,DungeonQuest,FALSE,FALSE
AvatarDungeon16,DungeonQuest,1,FALSE,,DungeonQuest,FALSE,FALSE
AvatarAlchemy1,AlchemyEvent,1,FALSE,,Alchemy,FALSE,FALSE
AvatarAlchemy2,AlchemyEvent,1,FALSE,,Alchemy,FALSE,FALSE
AvatarAlchemy3,AlchemyEvent,1,FALSE,,Alchemy,FALSE,FALSE
AvatarAlchemy4,AlchemyEvent,1,FALSE,,Alchemy,FALSE,FALSE
AvatarAlchemy5,AlchemyEvent,1,FALSE,,Alchemy,FALSE,FALSE
AvatarAlchemy6,AlchemyEvent,1,FALSE,,Alchemy,FALSE,FALSE
AvatarAlchemy7,AlchemyEvent,1,FALSE,,Alchemy,FALSE,FALSE
AvatarAlchemy8,AlchemyEvent,1,FALSE,,Alchemy,FALSE,FALSE
AvatarAlchemy9,AlchemyEvent,1,FALSE,,Alchemy,FALSE,FALSE
AvatarAlchemy10,AlchemyEvent,1,FALSE,,Alchemy,FALSE,FALSE
AvatarGenericMaze,MinigameMaze,0,TRUE,#ffcc00,Maze,FALSE,TRUE
AvatarFishingGameGeneric1,MinigameFishingDerby,0,TRUE,#ffcc00,FishingDerby,FALSE,TRUE
AvatarFish0,MinigameFishingDerby_Fish0,0,TRUE,#ffcc00,FishingDerby,FALSE,TRUE
AvatarFish1,MinigameFishingDerby_Fish1,1,TRUE,#ffcc00,FishingDerby,FALSE,TRUE
AvatarFish2,MinigameFishingDerby_Fish2,2,TRUE,#ffcc00,FishingDerby,FALSE,TRUE
AvatarFish3,MinigameFishingDerby_Fish3,3,TRUE,#ffcc00,FishingDerby,FALSE,TRUE
AvatarFish4,MinigameFishingDerby_Fish4,4,TRUE,#ffcc00,FishingDerby,FALSE,TRUE
AvatarFish5,MinigameFishingDerby_Fish5,5,TRUE,#ffcc00,FishingDerby,FALSE,TRUE
AvatarFish6,MinigameFishingDerby_Fish6,6,TRUE,#ffcc00,FishingDerby,FALSE,TRUE
AvatarFish7,MinigameFishingDerby_Fish7,7,TRUE,#ffcc00,FishingDerby,FALSE,TRUE
AvatarFish8,MinigameFishingDerby_Fish8,8,TRUE,#ffcc00,FishingDerby,FALSE,TRUE
AvatarFish9,MinigameFishingDerby_Fish9,9,TRUE,#ffcc00,FishingDerby,FALSE,TRUE
AvatarFish10,MinigameFishingDerby_Fish10,10,TRUE,#ffcc00,FishingDerby,FALSE,TRUE
AvatarFish11,MinigameFishingDerby_Fish11,11,TRUE,#ffcc00,FishingDerby,FALSE,TRUE
AvatarFish12,MinigameFishingDerby_Fish12,12,TRUE,#ffcc00,FishingDerby,FALSE,TRUE
AvatarFish13,MinigameFishingDerby_Fish13,13,TRUE,#ffcc00,FishingDerby,FALSE,TRUE
AvatarFish14,MinigameFishingDerby_Fish14,14,TRUE,#ffcc00,FishingDerby,FALSE,TRUE
AvatarFish15,MinigameFishingDerby_Fish15,15,TRUE,#ffcc00,FishingDerby,FALSE,TRUE
AvatarFish16,MinigameFishingDerby_Fish16,16,TRUE,#ffcc00,FishingDerby,FALSE,TRUE
AvatarFish17,MinigameFishingDerby_Fish17,17,TRUE,#ffcc00,FishingDerby,FALSE,TRUE
AvatarFish18,MinigameFishingDerby_Fish18,18,TRUE,#ffcc00,FishingDerby,FALSE,TRUE
AvatarFish19,MinigameFishingDerby_Fish19,19,TRUE,#ffcc00,FishingDerby,FALSE,TRUE
AvatarFish20,MinigameFishingDerby_Fish20,20,TRUE,#ffcc00,FishingDerby,FALSE,TRUE
AvatarFish21,MinigameFishingDerby_Fish21,21,TRUE,#ffcc00,FishingDerby,FALSE,TRUE
AvatarFish22,MinigameFishingDerby_Fish22,22,TRUE,#ffcc00,FishingDerby,FALSE,TRUE
AvatarFish23,MinigameFishingDerby_Fish23,23,TRUE,#ffcc00,FishingDerby,FALSE,TRUE
AvatarFish24,MinigameFishingDerby_Fish24,24,TRUE,#ffcc00,FishingDerby,FALSE,TRUE
AvatarFish25,MinigameFishingDerby_Fish25,25,TRUE,#ffcc00,FishingDerby,FALSE,TRUE
AvatarFish26,MinigameFishingDerby_Fish26,26,TRUE,#ffcc00,FishingDerby,FALSE,TRUE
AvatarFish27,MinigameFishingDerby_Fish27,27,TRUE,#ffcc00,FishingDerby,FALSE,TRUE
AvatarFish28,MinigameFishingDerby_Fish28,28,TRUE,#ffcc00,FishingDerby,FALSE,TRUE
AvatarFish29,MinigameFishingDerby_Fish29,29,TRUE,#ffcc00,FishingDerby,FALSE,TRUE
AvatarFish30,MinigameFishingDerby_Fish30,30,TRUE,#ffcc00,FishingDerby,FALSE,TRUE
AvatarFish31,MinigameFishingDerby_Fish31,31,TRUE,#ffcc00,FishingDerby,FALSE,TRUE
AvatarFish32,MinigameFishingDerby_Fish32,32,TRUE,#ffcc00,FishingDerby,FALSE,TRUE
AvatarFish33,MinigameFishingDerby_Fish33,33,TRUE,#ffcc00,FishingDerby,FALSE,TRUE
AvatarFish34,MinigameFishingDerby_Fish34,34,TRUE,#ffcc00,FishingDerby,FALSE,TRUE
AvatarFish35,MinigameFishingDerby_Fish35,35,TRUE,#ffcc00,FishingDerby,FALSE,TRUE
AvatarFish36,MinigameFishingDerby_Fish36,36,TRUE,#ffcc00,FishingDerby,FALSE,TRUE
AvatarFish37,MinigameFishingDerby_Fish37,37,TRUE,#ffcc00,FishingDerby,FALSE,TRUE
AvatarFish38,MinigameFishingDerby_Fish38,38,TRUE,#ffcc00,FishingDerby,FALSE,TRUE
AvatarFish39,MinigameFishingDerby_Fish39,39,TRUE,#ffcc00,FishingDerby,FALSE,TRUE
AvatarFish40,MinigameFishingDerby_Fish40,40,TRUE,#ffcc00,FishingDerby,FALSE,TRUE
AvatarFish41,MinigameFishingDerby_Fish41,41,TRUE,#ffcc00,FishingDerby,FALSE,TRUE
AvatarFish42,MinigameFishingDerby_Fish42,42,TRUE,#ffcc00,FishingDerby,FALSE,TRUE
AvatarFish43,MinigameFishingDerby_Fish43,43,TRUE,#ffcc00,FishingDerby,FALSE,TRUE
AvatarFish44,MinigameFishingDerby_Fish44,44,TRUE,#ffcc00,FishingDerby,FALSE,TRUE
AvatarFish45,MinigameFishingDerby_Fish45,45,TRUE,#ffcc00,FishingDerby,FALSE,TRUE
AvatarFish46,MinigameFishingDerby_Fish46,46,TRUE,#ffcc00,FishingDerby,FALSE,TRUE
AvatarFish47,MinigameFishingDerby_Fish47,47,TRUE,#ffcc00,FishingDerby,FALSE,TRUE
AvatarFish48,MinigameFishingDerby_Fish48,48,TRUE,#ffcc00,FishingDerby,FALSE,TRUE
AvatarFish49,MinigameFishingDerby_Fish49,49,TRUE,#ffcc00,FishingDerby,FALSE,TRUE
AvatarSuperTournament1,SuperTournament1,1,TRUE,#ffcc00,SuperTournament,FALSE,FALSE
AvatarSuperTournament2,SuperTournament2,1,TRUE,#ffcc00,SuperTournament,FALSE,FALSE
AvatarSuperTournament3,SuperTournament3,1,TRUE,#ffcc00,SuperTournament,FALSE,FALSE
AvatarSuperTournament4,SuperTournamentParticipation,1,TRUE,#ffcc00,SuperTournament,FALSE,FALSE
AvatarSuperAbyssalTournament1,SuperAbyssalTournament1,1,TRUE,#ffcc00,SuperAbyssal,FALSE,FALSE
AvatarSuperAbyssalTournament2,SuperAbyssalTournament2,1,TRUE,#ffcc00,SuperAbyssal,FALSE,FALSE
AvatarSuperAbyssalTournament3,SuperAbyssalTournament3,1,TRUE,#ffcc00,SuperAbyssal,FALSE,FALSE
AvatarSuperAbyssalTournament4,SuperAbyssalTournamentParticipation,1,TRUE,#ffcc00,SuperAbyssal,FALSE,FALSE
AvatarClanMasterTierSeason1Top10,MasterTierReward10,1,FALSE,,MasterTier,FALSE,FALSE
AvatarClanMasterTierSeason1Top25,MasterTierReward25,1,FALSE,,MasterTier,FALSE,FALSE
AvatarClanMasterTierSeason1Top50,MasterTierReward50,1,FALSE,,MasterTier,FALSE,FALSE
AvatarClanMasterTierSeason1Top100,MasterTierReward100,1,FALSE,,MasterTier,FALSE,FALSE
AvatarClanMasterTierSeason2Top10,MasterTierReward10,1,FALSE,,MasterTier,FALSE,FALSE
AvatarClanMasterTierSeason2Top25,MasterTierReward25,1,FALSE,,MasterTier,FALSE,FALSE
AvatarClanMasterTierSeason2Top50,MasterTierReward50,1,FALSE,,MasterTier,FALSE,FALSE
AvatarClanMasterTierSeason2Top100,MasterTierReward100,1,FALSE,,MasterTier,FALSE,FALSE
AvatarClanMasterTierSeason3Top10,MasterTierReward10,1,FALSE,,MasterTier,FALSE,FALSE
AvatarClanMasterTierSeason3Top25,MasterTierReward25,1,FALSE,,MasterTier,FALSE,FALSE
AvatarClanMasterTierSeason3Top50,MasterTierReward50,1,FALSE,,MasterTier,FALSE,FALSE
AvatarClanMasterTierSeason3Top100,MasterTierReward100,1,FALSE,,MasterTier,FALSE,FALSE
AvatarClanMasterTierSeason4Top10,MasterTierReward10,1,FALSE,,MasterTier,FALSE,FALSE
AvatarClanMasterTierSeason4Top25,MasterTierReward25,1,FALSE,,MasterTier,FALSE,FALSE
AvatarClanMasterTierSeason4Top50,MasterTierReward50,1,FALSE,,MasterTier,FALSE,FALSE
AvatarClanMasterTierSeason4Top100,MasterTierReward100,1,FALSE,,MasterTier,FALSE,FALSE
AvatarClanMasterTierSeason5Top10,MasterTierReward10,1,FALSE,,MasterTier,FALSE,FALSE
AvatarClanMasterTierSeason5Top25,MasterTierReward25,1,FALSE,,MasterTier,FALSE,FALSE
AvatarClanMasterTierSeason5Top50,MasterTierReward50,1,FALSE,,MasterTier,FALSE,FALSE
AvatarClanMasterTierSeason5Top100,MasterTierReward100,1,FALSE,,MasterTier,FALSE,FALSE
AvatarClanMasterTierSeason6Top10,MasterTierReward10,1,FALSE,,MasterTier,FALSE,FALSE
AvatarClanMasterTierSeason6Top25,MasterTierReward25,1,FALSE,,MasterTier,FALSE,FALSE
AvatarClanMasterTierSeason6Top50,MasterTierReward50,1,FALSE,,MasterTier,FALSE,FALSE
AvatarClanMasterTierSeason6Top100,MasterTierReward100,1,FALSE,,MasterTier,FALSE,FALSE
AvatarClanMasterTierSeason7Top10,MasterTierReward10,1,FALSE,,MasterTier,FALSE,FALSE
AvatarClanMasterTierSeason7Top25,MasterTierReward25,1,FALSE,,MasterTier,FALSE,FALSE
AvatarClanMasterTierSeason7Top50,MasterTierReward50,1,FALSE,,MasterTier,FALSE,FALSE
AvatarClanMasterTierSeason7Top100,MasterTierReward100,1,FALSE,,MasterTier,FALSE,FALSE
AvatarClanMasterTierSeason8Top10,MasterTierReward10,1,FALSE,,MasterTier,FALSE,FALSE
AvatarClanMasterTierSeason8Top25,MasterTierReward25,1,FALSE,,MasterTier,FALSE,FALSE
AvatarClanMasterTierSeason8Top50,MasterTierReward50,1,FALSE,,MasterTier,FALSE,FALSE
AvatarClanMasterTierSeason8Top100,MasterTierReward100,1,FALSE,,MasterTier,FALSE,FALSE
AvatarClanMasterTierSeason9Top10,MasterTierReward10,1,FALSE,,MasterTier,FALSE,FALSE
AvatarClanMasterTierSeason9Top25,MasterTierReward25,1,FALSE,,MasterTier,FALSE,FALSE
AvatarClanMasterTierSeason9Top50,MasterTierReward50,1,FALSE,,MasterTier,FALSE,FALSE
AvatarClanMasterTierSeason9Top100,MasterTierReward100,1,FALSE,,MasterTier,FALSE,FALSE
AvatarClanMasterTierSeason10Top10,MasterTierReward10,1,FALSE,,MasterTier,FALSE,FALSE
AvatarClanMasterTierSeason10Top25,MasterTierReward25,1,FALSE,,MasterTier,FALSE,FALSE
AvatarClanMasterTierSeason10Top50,MasterTierReward50,1,FALSE,,MasterTier,FALSE,FALSE
AvatarClanMasterTierSeason10Top100,MasterTierReward100,1,FALSE,,MasterTier,FALSE,FALSE
AvatarClanMasterTierSeason11Top10,MasterTierReward10,1,FALSE,,MasterTier,FALSE,FALSE
AvatarClanMasterTierSeason11Top25,MasterTierReward25,1,FALSE,,MasterTier,FALSE,FALSE
AvatarClanMasterTierSeason11Top50,MasterTierReward50,1,FALSE,,MasterTier,FALSE,FALSE
AvatarClanMasterTierSeason11Top100,MasterTierReward100,1,FALSE,,MasterTier,FALSE,FALSE
AvatarClanMasterTierSeason12Top10,MasterTierReward10,1,FALSE,,MasterTier,FALSE,FALSE
AvatarClanMasterTierSeason12Top25,MasterTierReward25,1,FALSE,,MasterTier,FALSE,FALSE
AvatarClanMasterTierSeason12Top50,MasterTierReward50,1,FALSE,,MasterTier,FALSE,FALSE
AvatarClanMasterTierSeason12Top100,MasterTierReward100,1,FALSE,,MasterTier,FALSE,FALSE
AvatarEndgameSeason1Rank1,EndgameSeasonReward10,1,FALSE,,Endgame,FALSE,FALSE
AvatarEndgameSeason1Rank2,EndgameSeasonReward100,1,FALSE,,Endgame,FALSE,FALSE
AvatarEndgameSeason1Rank3,EndgameSeasonReward1000,1,FALSE,,Endgame,FALSE,FALSE
AvatarEndgameSeason2Rank1,EndgameSeasonReward10,1,FALSE,,Endgame,FALSE,FALSE
AvatarEndgameSeason2Rank2,EndgameSeasonReward100,1,FALSE,,Endgame,FALSE,FALSE
AvatarEndgameSeason2Rank3,EndgameSeasonReward1000,1,FALSE,,Endgame,FALSE,FALSE
AvatarEndgameSeason3Rank1,EndgameSeasonReward10,1,FALSE,,Endgame,FALSE,FALSE
AvatarEndgameSeason3Rank2,EndgameSeasonReward100,1,FALSE,,Endgame,FALSE,FALSE
AvatarEndgameSeason3Rank3,EndgameSeasonReward1000,1,FALSE,,Endgame,FALSE,FALSE
AvatarEndgameSeason4Rank1,EndgameSeasonReward10,1,FALSE,,Endgame,FALSE,FALSE
AvatarEndgameSeason4Rank2,EndgameSeasonReward100,1,FALSE,,Endgame,FALSE,FALSE
AvatarEndgameSeason4Rank3,EndgameSeasonReward1000,1,FALSE,,Endgame,FALSE,FALSE
AvatarEndgameSeason5Rank1,EndgameSeasonReward10,1,FALSE,,Endgame,FALSE,FALSE
AvatarEndgameSeason5Rank2,EndgameSeasonReward100,1,FALSE,,Endgame,FALSE,FALSE
AvatarEndgameSeason5Rank3,EndgameSeasonReward1000,1,FALSE,,Endgame,FALSE,FALSE
AvatarEndgameSeason6Rank1,EndgameSeasonReward10,1,FALSE,,Endgame,FALSE,FALSE
AvatarEndgameSeason6Rank2,EndgameSeasonReward100,1,FALSE,,Endgame,FALSE,FALSE
AvatarEndgameSeason6Rank3,EndgameSeasonReward1000,1,FALSE,,Endgame,FALSE,FALSE
AvatarEndgameSeason7Rank1,EndgameSeasonReward10,1,FALSE,,Endgame,FALSE,FALSE
AvatarEndgameSeason7Rank2,EndgameSeasonReward100,1,FALSE,,Endgame,FALSE,FALSE
AvatarEndgameSeason7Rank3,EndgameSeasonReward1000,1,FALSE,,Endgame,FALSE,FALSE
AvatarEndgameSeason8Rank1,EndgameSeasonReward10,1,FALSE,,Endgame,FALSE,FALSE
AvatarEndgameSeason8Rank2,EndgameSeasonReward100,1,FALSE,,Endgame,FALSE,FALSE
AvatarEndgameSeason8Rank3,EndgameSeasonReward1000,1,FALSE,,Endgame,FALSE,FALSE
AvatarEndgameSeason9Rank1,EndgameSeasonReward10,1,FALSE,,Endgame,FALSE,FALSE
AvatarEndgameSeason9Rank2,EndgameSeasonReward100,1,FALSE,,Endgame,FALSE,FALSE
AvatarEndgameSeason9Rank3,EndgameSeasonReward1000,1,FALSE,,Endgame,FALSE,FALSE
AvatarEndgameSeason10Rank1,EndgameSeasonReward10,1,FALSE,,Endgame,FALSE,FALSE
AvatarEndgameSeason10Rank2,EndgameSeasonReward100,1,FALSE,,Endgame,FALSE,FALSE
AvatarEndgameSeason10Rank3,EndgameSeasonReward1000,1,FALSE,,Endgame,FALSE,FALSE
AvatarEndgameSeason11Rank1,EndgameSeasonReward10,1,FALSE,,Endgame,FALSE,FALSE
AvatarEndgameSeason11Rank2,EndgameSeasonReward100,1,FALSE,,Endgame,FALSE,FALSE
AvatarEndgameSeason11Rank3,EndgameSeasonReward1000,1,FALSE,,Endgame,FALSE,FALSE
AvatarEndgameSeason12Rank1,EndgameSeasonReward10,1,FALSE,,Endgame,FALSE,FALSE
AvatarEndgameSeason12Rank2,EndgameSeasonReward100,1,FALSE,,Endgame,FALSE,FALSE
AvatarEndgameSeason12Rank3,EndgameSeasonReward1000,1,FALSE,,Endgame,FALSE,FALSE
AvatarEndgameSeason13Rank1,EndgameSeasonReward10,1,FALSE,,Endgame,FALSE,FALSE
AvatarEndgameSeason13Rank2,EndgameSeasonReward100,1,FALSE,,Endgame,FALSE,FALSE
AvatarEndgameSeason13Rank3,EndgameSeasonReward1000,1,FALSE,,Endgame,FALSE,FALSE