EquipmentID,Rarity,EquipmentCategory,BonusType,UniqueEnhancement,AttributeBaseInc,AttributeBaseAmount,AttributeExp1,AttributeExp2,AttributeExpBase,LimitedTime,EquipmentSet
Aura_Dizzy,1,Aura,HelmetBoost,None,0.004,1,0.9,0.58,1.145,FALSE,None
Aura_GroundLightning,1,Aura,HelmetBoost,None,0.004,1,0.9,0.58,1.145,FALSE,None
Aura_Colors,1,Aura,HelmetBoost,None,0.004,1,0.9,0.58,1.145,FALSE,None
Aura_LightBeams,1,Aura,HelmetBoost,None,0.004,1,0.9,0.58,1.145,FALSE,None
Aura_Water,2,Aura,HelmetBoost,None,0.0124,2,0.9,0.58,1.145,FALSE,None
Aura_Orbs,2,Aura,HelmetBoost,None,0.0124,2,0.9,0.58,1.145,FALSE,SpaceKnight
Aura_Cyborg,2,Aura,HelmetBoost,None,0.0124,2,0.9,0.58,1.145,FALSE,Cyborg
Aura_Knight,2,Aura,HelmetBoost,None,0.0124,2,0.9,0.58,1.145,FALSE,Knight
Aura_FireTribe,2,Aura,HelmetBoost,None,0.0124,2,0.9,0.58,1.145,FALSE,FireTribe
Aura_Bats,3,Aura,HelmetBoost,None,0.0992,5,0.9,0.58,1.145,FALSE,None
Aura_GoldenRays,3,Aura,HelmetBoost,None,0.0992,5,0.9,0.58,1.145,FALSE,Anniversary
Aura_Wolf,3,Aura,HelmetBoost,None,0.0992,5,0.9,0.58,1.145,FALSE,Wolf
Aura_Wonder,3,Aura,HelmetBoost,None,0.0992,5,0.9,0.58,1.145,FALSE,Wonder
Aura_Titan,3,Aura,HelmetBoost,None,0.0992,5,0.9,0.58,1.145,FALSE,Titan
Aura_Monk,3,Aura,HelmetBoost,None,0.0992,5,0.9,0.58,1.145,FALSE,Monk
Aura_Musketeer,3,Aura,HelmetBoost,None,0.0992,5,0.9,0.58,1.145,FALSE,Musketeer
Aura_Diamond,3,Aura,HelmetBoost,None,0.0992,5,0.9,0.58,1.145,FALSE,Diamond
Aura_Rogue,3,Aura,HelmetBoost,None,0.0992,5,0.9,0.58,1.145,FALSE,Rogue
Aura_BlueKnight,3,Aura,HelmetBoost,None,0.0992,5,0.9,0.58,1.145,FALSE,BlueKnight
Aura_GoldGun,3,Aura,HelmetBoost,None,0.0992,5,0.9,0.58,1.145,FALSE,GoldGun
Aura_FirstMate,3,Aura,HelmetBoost,None,0.0992,5,0.9,0.58,1.145,FALSE,FirstMate
Aura_Stone,3,Aura,HelmetBoost,None,0.0992,5,0.9,0.58,1.145,FALSE,Stone
Aura_ManaMage,3,Aura,HelmetBoost,None,0.0992,5,0.9,0.58,1.145,FALSE,ManaMage
Aura_Headless,3,Aura,HelmetBoost,None,0.0992,5,0.9,0.58,1.145,FALSE,Headless
Aura_LifetimePrestige,3,Aura,HelmetBoost,None,0.0992,5,0.9,0.58,1.145,FALSE,LifetimePrestige
Aura_Ninetails,3,Aura,HelmetBoost,None,0.0992,5,0.9,0.58,1.145,FALSE,Ninetails
Aura_Devil,3,Aura,HelmetBoost,None,0.0992,5,0.9,0.58,1.145,FALSE,Devil
Aura_GoldRain,3,Aura,HelmetBoost,None,0.0992,5,0.9,0.58,1.145,FALSE,GoldRain
Aura_PerkMaster,3,Aura,HelmetBoost,None,0.0992,5,0.9,0.58,1.145,FALSE,PerkMaster
Aura_WarHorn,3,Aura,HelmetBoost,None,0.0992,5,0.9,0.58,1.145,FALSE,WarHorn
Aura_Shepherd,3,Aura,HelmetBoost,None,0.0992,5,0.9,0.58,1.145,FALSE,Shepherd
Aura_BunnyDroid,3,Aura,HelmetBoost,None,0.0992,5,0.9,0.58,1.145,FALSE,BunnyDroid
Aura_BoneTribe,4,Aura,HelmetBoost,None,0.3968,20,0.9,0.58,1.145,FALSE,BoneTribe
Aura_Samurai,4,Aura,HelmetBoost,None,0.3968,20,0.9,0.58,1.145,FALSE,Samurai
Aura_Chakram,4,Aura,HelmetBoost,None,0.3968,20,0.9,0.58,1.145,FALSE,Chakram
Aura_Nomad,4,Aura,HelmetBoost,None,0.3968,20,0.9,0.58,1.145,FALSE,Nomad
Aura_Lightning,1,Aura,SwordBoost,None,0.0032,1,0.9,0.58,1.14,FALSE,None
Aura_Diamonds,1,Aura,SwordBoost,None,0.0032,1,0.9,0.58,1.14,FALSE,None
Aura_Star,1,Aura,SwordBoost,None,0.0032,1,0.9,0.58,1.14,FALSE,None
Aura_Travel,1,Aura,SwordBoost,None,0.0032,1,0.9,0.58,1.14,FALSE,None
Aura_Bird,2,Aura,SwordBoost,None,0.00992,2,0.9,0.58,1.14,FALSE,None
Aura_BlackEnergy,2,Aura,SwordBoost,None,0.00992,2,0.9,0.58,1.14,FALSE,Ninja
Aura_Ghost,2,Aura,SwordBoost,None,0.00992,2,0.9,0.58,1.14,FALSE,Ghost
Aura_Viking,2,Aura,SwordBoost,None,0.00992,2,0.9,0.58,1.14,FALSE,Viking
Aura_BlueFlame,2,Aura,SwordBoost,None,0.00992,2,0.9,0.58,1.14,FALSE,BlueFlame
Aura_Bones,3,Aura,SwordBoost,None,0.07936,5,0.9,0.58,1.14,FALSE,None
Aura_Wind,3,Aura,SwordBoost,None,0.07936,5,0.9,0.58,1.14,FALSE,None
Aura_Kookie,3,Aura,SwordBoost,None,0.07936,5,0.9,0.58,1.14,FALSE,None
Aura_Dragon,3,Aura,SwordBoost,None,0.07936,5,0.9,0.58,1.14,FALSE,Dragon
Aura_Captain,3,Aura,SwordBoost,None,0.07936,5,0.9,0.58,1.14,FALSE,Captain
Aura_Fur,3,Aura,SwordBoost,None,0.07936,5,0.9,0.58,1.14,FALSE,Fur
Aura_Platinum,3,Aura,SwordBoost,None,0.07936,5,0.9,0.58,1.14,FALSE,Platinum
Aura_Zeus,3,Aura,SwordBoost,None,0.07936,5,0.9,0.58,1.14,FALSE,Zeus
Aura_Medic,3,Aura,SwordBoost,None,0.07936,5,0.9,0.58,1.14,FALSE,Medic
Aura_Midas,3,Aura,SwordBoost,None,0.07936,5,0.9,0.58,1.14,FALSE,Midas
Aura_PetTamer,3,Aura,SwordBoost,None,0.07936,5,0.9,0.58,1.14,FALSE,PetTamer
Aura_Jade,3,Aura,SwordBoost,None,0.07936,5,0.9,0.58,1.14,FALSE,Jade
Aura_Sun,3,Aura,SwordBoost,None,0.07936,5,0.9,0.58,1.14,FALSE,Sun
Aura_MultiCast,3,Aura,SwordBoost,None,0.07936,5,0.9,0.58,1.14,FALSE,MultiCast
Aura_RaidCaptain,3,Aura,SwordBoost,None,0.07936,5,0.9,0.58,1.14,FALSE,RaidCaptain
Aura_Twilight,3,Aura,SwordBoost,None,0.07936,5,0.9,0.58,1.14,FALSE,Twilight
Aura_TwilightFairyKing,3,Aura,SwordBoost,None,0.07936,5,0.9,0.58,1.14,FALSE,TwilightFairyKing
Aura_Corrupted,3,Aura,SwordBoost,None,0.07936,5,0.9,0.58,1.14,FALSE,Corrupted
Aura_Bane,3,Aura,SwordBoost,None,0.07936,5,0.9,0.58,1.14,FALSE,Bane
Aura_Blacksmith,3,Aura,SwordBoost,None,0.07936,5,0.9,0.58,1.14,FALSE,Blacksmith
Aura_SoloRaid,3,Aura,SwordBoost,None,0.07936,5,0.9,0.58,1.14,FALSE,SoloRaid
Aura_Cowboy,3,Aura,SwordBoost,None,0.07936,5,0.9,0.58,1.14,FALSE,Cowboy
Aura_Jester,3,Aura,SwordBoost,None,0.07936,5,0.9,0.58,1.14,FALSE,Jester
Aura_WeaponMaster,3,Aura,SwordBoost,None,0.07936,5,0.9,0.58,1.14,FALSE,WeaponMaster
Aura_WildCat,3,Aura,SwordBoost,None,0.07936,5,0.9,0.58,1.14,FALSE,WildCat
Aura_Greed,3,Aura,SwordBoost,None,0.07936,5,0.9,0.58,1.14,FALSE,Greed
Aura_HighTecLightning,4,Aura,SwordBoost,None,0.31744,20,0.9,0.58,1.14,FALSE,HighTecLightning
Aura_DarkAlien,4,Aura,SwordBoost,None,0.31744,20,0.9,0.58,1.14,FALSE,DarkAlien
Aura_FireKnight,4,Aura,SwordBoost,None,0.31744,20,0.9,0.58,1.14,FALSE,FireKnight
Aura_ElectricWarlord,4,Aura,SwordBoost,None,0.31744,20,0.9,0.58,1.14,FALSE,ElectricWarlord
Aura_FairyKnight,4,Aura,SwordBoost,None,0.31744,20,0.9,0.58,1.14,FALSE,FairyKnight
Aura_RaidMythic,4,Aura,SwordBoost,None,0.31744,20,0.9,0.58,1.14,FALSE,RaidMythic
Aura_Bugs,1,Aura,SlashBoost,None,0.0032,1,0.9,0.58,1.14,FALSE,None
Aura_Embers,1,Aura,SlashBoost,None,0.0032,1,0.9,0.58,1.14,FALSE,None
Aura_Sparks,1,Aura,SlashBoost,None,0.0032,1,0.9,0.58,1.14,FALSE,None
Aura_Leaves,2,Aura,SlashBoost,None,0.00992,2,0.9,0.58,1.14,FALSE,None
Aura_Fire,2,Aura,SlashBoost,None,0.00992,2,0.9,0.58,1.14,FALSE,FireCook
Aura_Crow,2,Aura,SlashBoost,None,0.00992,2,0.9,0.58,1.14,FALSE,Crow
Aura_Bishop,2,Aura,SlashBoost,None,0.00992,2,0.9,0.58,1.14,FALSE,Bishop
Aura_Cards,3,Aura,SlashBoost,None,0.07936,5,0.9,0.58,1.14,FALSE,None
Aura_Ice,3,Aura,SlashBoost,None,0.07936,5,0.9,0.58,1.14,FALSE,None
Aura_Fireworks,3,Aura,SlashBoost,None,0.07936,5,0.9,0.58,1.14,FALSE,None
Aura_Green,3,Aura,SlashBoost,None,0.07936,5,0.9,0.58,1.14,FALSE,Green
Aura_Chains,3,Aura,SlashBoost,None,0.07936,5,0.9,0.58,1.14,FALSE,Chains
Aura_Mage,3,Aura,SlashBoost,None,0.07936,5,0.9,0.58,1.14,FALSE,Mage
Aura_Thief,3,Aura,SlashBoost,None,0.07936,5,0.9,0.58,1.14,FALSE,Thief
Aura_Enchant,3,Aura,SlashBoost,None,0.07936,5,0.9,0.58,1.14,FALSE,Enchant
Aura_Hunter,3,Aura,SlashBoost,None,0.07936,5,0.9,0.58,1.14,FALSE,Hunter
Aura_Bazooka,3,Aura,SlashBoost,None,0.07936,5,0.9,0.58,1.14,FALSE,Bazooka
Aura_Tank,3,Aura,SlashBoost,None,0.07936,5,0.9,0.58,1.14,FALSE,Tank
Aura_Spartan,3,Aura,SlashBoost,None,0.07936,5,0.9,0.58,1.14,FALSE,Spartan
Aura_Pyro,3,Aura,SlashBoost,None,0.07936,5,0.9,0.58,1.14,FALSE,Pyro
Aura_DaggerRogue,3,Aura,SlashBoost,None,0.07936,5,0.9,0.58,1.14,FALSE,DaggerRogue
Aura_PetChampion,3,Aura,SlashBoost,None,0.07936,5,0.9,0.58,1.14,FALSE,PetChampion
Aura_AirshipEngineer,3,Aura,SlashBoost,None,0.07936,5,0.9,0.58,1.14,FALSE,AirshipEngineer
Aura_FairyShaman,3,Aura,SlashBoost,None,0.07936,5,0.9,0.58,1.14,FALSE,FairyShaman
Aura_TimeWizard,3,Aura,SlashBoost,None,0.07936,5,0.9,0.58,1.14,FALSE,TimeWizard
Aura_Scout,3,Aura,SlashBoost,None,0.07936,5,0.9,0.58,1.14,FALSE,Scout
Aura_PlagueDoctor,3,Aura,SlashBoost,None,0.07936,5,0.9,0.58,1.14,FALSE,PlagueDoctor
Aura_BlackDragon,3,Aura,SlashBoost,None,0.07936,5,0.9,0.58,1.14,FALSE,BlackDragon
Aura_ScrollMaster,3,Aura,SlashBoost,None,0.07936,5,0.9,0.58,1.14,FALSE,ScrollMaster
Aura_SpellBooster,3,Aura,SlashBoost,None,0.07936,5,0.9,0.58,1.14,FALSE,SpellBooster
Aura_Aquamarine,3,Aura,SlashBoost,None,0.07936,5,0.9,0.58,1.14,FALSE,Aquamarine
Aura_Spacesuit,3,Aura,SlashBoost,None,0.07936,5,0.9,0.58,1.14,FALSE,Spacesuit
Aura_Pirate,4,Aura,SlashBoost,None,0.31744,20,0.9,0.58,1.14,FALSE,Pirate
Aura_Skulls,4,Aura,SlashBoost,None,0.31744,20,0.9,0.58,1.14,FALSE,Skulls
Aura_Mech,4,Aura,SlashBoost,None,0.31744,20,0.9,0.58,1.14,FALSE,Mech
Aura_WaterSorcerer,4,Aura,SlashBoost,None,0.31744,20,0.9,0.58,1.14,FALSE,WaterSorcerer
Aura_EarthRogue,4,Aura,SlashBoost,None,0.31744,20,0.9,0.58,1.14,FALSE,EarthRogue
Aura_DarkAngel,4,Aura,SlashBoost,None,0.31744,20,0.9,0.58,1.14,FALSE,DarkAngel
Aura_SteampunkKnight,4,Aura,SlashBoost,None,0.31744,20,0.9,0.58,1.14,FALSE,SteampunkKnight
Hat_Cat,1,Hat,RangedHelperDamage,None,0.03,1,0.9,0.58,1.145,FALSE,None
Hat_HelmTall,1,Hat,RangedHelperDamage,None,0.03,1,0.9,0.58,1.145,FALSE,None
Hat_Ice,1,Hat,RangedHelperDamage,None,0.03,1,0.9,0.58,1.145,FALSE,None
Hat_HelmWhite,1,Hat,RangedHelperDamage,None,0.03,1,0.9,0.58,1.145,FALSE,None
Hat_HelmDevil,2,Hat,RangedHelperDamage,None,0.093,2,0.9,0.58,1.145,FALSE,FireCook
Hat_Ears,2,Hat,RangedHelperDamage,None,0.093,2,0.9,0.58,1.145,FALSE,Ninja
Hat_Viking,2,Hat,RangedHelperDamage,None,0.093,2,0.9,0.58,1.145,FALSE,Viking
Hat_MadHatter,3,Hat,RangedHelperDamage,None,0.744,5,0.9,0.58,1.145,FALSE,None
Hat_Indie,3,Hat,RangedHelperDamage,None,0.744,5,0.9,0.58,1.145,FALSE,None
Hat_Green,3,Hat,RangedHelperDamage,None,0.744,5,0.9,0.58,1.145,FALSE,Green
Hat_Wonder,3,Hat,RangedHelperDamage,None,0.744,5,0.9,0.58,1.145,FALSE,Wonder
Hat_Titan,3,Hat,RangedHelperDamage,None,0.744,5,0.9,0.58,1.145,FALSE,Titan
Hat_Zeus,3,Hat,RangedHelperDamage,None,0.744,5,0.9,0.58,1.145,FALSE,Zeus
Hat_Hunter,3,Hat,RangedHelperDamage,None,0.744,5,0.9,0.58,1.145,FALSE,Hunter
Hat_Rogue,3,Hat,RangedHelperDamage,None,0.744,5,0.9,0.58,1.145,FALSE,Rogue
Hat_Bazooka,3,Hat,RangedHelperDamage,None,0.744,5,0.9,0.58,1.145,FALSE,Bazooka
Hat_AirshipEngineer,3,Hat,RangedHelperDamage,None,0.744,5,0.9,0.58,1.145,FALSE,AirshipEngineer
Hat_Cowboy,3,Hat,RangedHelperDamage,None,0.744,5,0.9,0.58,1.145,FALSE,Cowboy
Hat_PlagueDoctor,3,Hat,RangedHelperDamage,None,0.744,5,0.9,0.58,1.145,FALSE,PlagueDoctor
Hat_Devil,3,Hat,RangedHelperDamage,None,0.744,5,0.9,0.58,1.145,FALSE,Devil
Hat_GoldRain,3,Hat,RangedHelperDamage,None,0.744,5,0.9,0.58,1.145,FALSE,GoldRain
Hat_WildCat,3,Hat,RangedHelperDamage,None,0.744,5,0.9,0.58,1.145,FALSE,WildCat
Hat_WarHorn,3,Hat,RangedHelperDamage,None,0.744,5,0.9,0.58,1.145,FALSE,WarHorn
Hat_DarkAlien,4,Hat,RangedHelperDamage,None,2.976,20,0.9,0.58,1.145,FALSE,DarkAlien
Hat_Mech,4,Hat,RangedHelperDamage,None,2.976,20,0.9,0.58,1.145,FALSE,Mech
Hat_ElectricWarlord,4,Hat,RangedHelperDamage,None,2.976,20,0.9,0.58,1.145,FALSE,ElectricWarlord
Hat_Chakram,4,Hat,RangedHelperDamage,None,2.976,20,0.9,0.58,1.145,FALSE,Chakram
Hat_Nomad,4,Hat,RangedHelperDamage,None,2.976,20,0.9,0.58,1.145,FALSE,Nomad
Hat_KickAss,1,Hat,MeleeHelperDamage,None,0.03,1,0.9,0.58,1.145,FALSE,None
Hat_BatGrey,1,Hat,MeleeHelperDamage,None,0.03,1,0.9,0.58,1.145,FALSE,None
Hat_HelmHorned,1,Hat,MeleeHelperDamage,None,0.03,1,0.9,0.58,1.145,FALSE,None
Hat_Travel,1,Hat,MeleeHelperDamage,None,0.03,1,0.9,0.58,1.145,FALSE,None
Hat_Robot,2,Hat,MeleeHelperDamage,None,0.093,2,0.9,0.58,1.145,FALSE,Cyborg
Hat_Took,2,Hat,MeleeHelperDamage,None,0.093,2,0.9,0.58,1.145,FALSE,None
Hat_Tribal,2,Hat,MeleeHelperDamage,None,0.093,2,0.9,0.58,1.145,FALSE,None
Hat_Knight,2,Hat,MeleeHelperDamage,None,0.093,2,0.9,0.58,1.145,FALSE,Knight
Hat_FireTribe,2,Hat,MeleeHelperDamage,None,0.093,2,0.9,0.58,1.145,FALSE,FireTribe
Hat_Transformer,3,Hat,MeleeHelperDamage,None,0.744,5,0.9,0.58,1.145,FALSE,None
Hat_Chicken,3,Hat,MeleeHelperDamage,None,0.744,5,0.9,0.58,1.145,FALSE,None
Hat_Gold,3,Hat,MeleeHelperDamage,None,0.744,5,0.9,0.58,1.145,FALSE,Anniversary
Hat_Captain,3,Hat,MeleeHelperDamage,None,0.744,5,0.9,0.58,1.145,FALSE,Captain
Hat_Platinum,3,Hat,MeleeHelperDamage,None,0.744,5,0.9,0.58,1.145,FALSE,Platinum
Hat_Monk,3,Hat,MeleeHelperDamage,None,0.744,5,0.9,0.58,1.145,FALSE,Monk
Hat_Medic,3,Hat,MeleeHelperDamage,None,0.744,5,0.9,0.58,1.145,FALSE,Medic
Hat_PetTamer,3,Hat,MeleeHelperDamage,None,0.744,5,0.9,0.58,1.145,FALSE,PetTamer
Hat_Spartan,3,Hat,MeleeHelperDamage,None,0.744,5,0.9,0.58,1.145,FALSE,Spartan
Hat_RaidCaptain,3,Hat,MeleeHelperDamage,None,0.744,5,0.9,0.58,1.145,FALSE,RaidCaptain
Hat_DaggerRogue,3,Hat,MeleeHelperDamage,None,0.744,5,0.9,0.58,1.145,FALSE,DaggerRogue
Hat_PetChampion,3,Hat,MeleeHelperDamage,None,0.744,5,0.9,0.58,1.145,FALSE,PetChampion
Hat_TwilightFairyKing,3,Hat,MeleeHelperDamage,None,0.744,5,0.9,0.58,1.145,FALSE,TwilightFairyKing
Hat_FirstMate,3,Hat,MeleeHelperDamage,None,0.744,5,0.9,0.58,1.145,FALSE,FirstMate
Hat_Stone,3,Hat,MeleeHelperDamage,None,0.744,5,0.9,0.58,1.145,FALSE,Stone
Hat_Blacksmith,3,Hat,MeleeHelperDamage,None,0.744,5,0.9,0.58,1.145,FALSE,Blacksmith
Hat_Headless,3,Hat,MeleeHelperDamage,None,0.744,5,0.9,0.58,1.145,FALSE,Headless
Hat_Jester,3,Hat,MeleeHelperDamage,None,0.744,5,0.9,0.58,1.145,FALSE,Jester
Hat_PerkMaster,3,Hat,MeleeHelperDamage,None,0.744,5,0.9,0.58,1.145,FALSE,PerkMaster
Hat_Shepherd,3,Hat,MeleeHelperDamage,None,0.744,5,0.9,0.58,1.145,FALSE,Shepherd
Hat_BoneTribe,4,Hat,MeleeHelperDamage,None,2.976,20,0.9,0.58,1.145,FALSE,BoneTribe
Hat_Samurai,4,Hat,MeleeHelperDamage,None,2.976,20,0.9,0.58,1.145,FALSE,Samurai
Hat_FireKnight,4,Hat,MeleeHelperDamage,None,2.976,20,0.9,0.58,1.145,FALSE,FireKnight
Hat_SteampunkKnight,4,Hat,MeleeHelperDamage,None,2.976,20,0.9,0.58,1.145,FALSE,SteampunkKnight
Hat_BatRed,1,Hat,SpellHelperDamage,None,0.03,1,0.9,0.58,1.145,FALSE,None
Hat_Cap,1,Hat,SpellHelperDamage,None,0.03,1,0.9,0.58,1.145,FALSE,None
Hat_Music,1,Hat,SpellHelperDamage,None,0.03,1,0.9,0.58,1.145,FALSE,None
Hat_Wizard,1,Hat,SpellHelperDamage,None,0.03,1,0.9,0.58,1.145,FALSE,None
Hat_Top,2,Hat,SpellHelperDamage,None,0.093,2,0.9,0.58,1.145,FALSE,None
Hat_RedTopHat,2,Hat,SpellHelperDamage,None,0.093,2,0.9,0.58,1.145,FALSE,None
Hat_Ghost,2,Hat,SpellHelperDamage,None,0.093,2,0.9,0.58,1.145,FALSE,Ghost
Hat_Bishop,2,Hat,SpellHelperDamage,None,0.093,2,0.9,0.58,1.145,FALSE,Bishop
Hat_BlueFlame,2,Hat,SpellHelperDamage,None,0.093,2,0.9,0.58,1.145,FALSE,BlueFlame
Hat_Link,3,Hat,SpellHelperDamage,None,0.744,5,0.9,0.58,1.145,FALSE,None
Hat_Ninja,3,Hat,SpellHelperDamage,None,0.744,5,0.9,0.58,1.145,FALSE,None
Hat_Dragon,3,Hat,SpellHelperDamage,None,0.744,5,0.9,0.58,1.145,FALSE,Dragon
Hat_Wolf,3,Hat,SpellHelperDamage,None,0.744,5,0.9,0.58,1.145,FALSE,Wolf
Hat_Fur,3,Hat,SpellHelperDamage,None,0.744,5,0.9,0.58,1.145,FALSE,Fur
Hat_Mage,3,Hat,SpellHelperDamage,None,0.744,5,0.9,0.58,1.145,FALSE,Mage
Hat_Enchant,3,Hat,SpellHelperDamage,None,0.744,5,0.9,0.58,1.145,FALSE,Enchant
Hat_Midas,3,Hat,SpellHelperDamage,None,0.744,5,0.9,0.58,1.145,FALSE,Midas
Hat_Sun,3,Hat,SpellHelperDamage,None,0.744,5,0.9,0.58,1.145,FALSE,Sun
Hat_Twilight,3,Hat,SpellHelperDamage,None,0.744,5,0.9,0.58,1.145,FALSE,Twilight
Hat_GoldGun,3,Hat,SpellHelperDamage,None,0.744,5,0.9,0.58,1.145,FALSE,GoldGun
Hat_Corrupted,3,Hat,SpellHelperDamage,None,0.744,5,0.9,0.58,1.145,FALSE,Corrupted
Hat_FairyShaman,3,Hat,SpellHelperDamage,None,0.744,5,0.9,0.58,1.145,FALSE,FairyShaman
Hat_SoloRaid,3,Hat,SpellHelperDamage,None,0.744,5,0.9,0.58,1.145,FALSE,SoloRaid
Hat_ManaMage,3,Hat,SpellHelperDamage,None,0.744,5,0.9,0.58,1.145,FALSE,ManaMage
Hat_TimeWizard,3,Hat,SpellHelperDamage,None,0.744,5,0.9,0.58,1.145,FALSE,TimeWizard
Hat_Ninetails,3,Hat,SpellHelperDamage,None,0.744,5,0.9,0.58,1.145,FALSE,Ninetails
Hat_ScrollMaster,3,Hat,SpellHelperDamage,None,0.744,5,0.9,0.58,1.145,FALSE,ScrollMaster
Hat_Aquamarine,3,Hat,SpellHelperDamage,None,0.744,5,0.9,0.58,1.145,FALSE,Aquamarine
Hat_Spacesuit,3,Hat,SpellHelperDamage,None,0.744,5,0.9,0.58,1.145,FALSE,Spacesuit
Hat_Greed,3,Hat,SpellHelperDamage,None,0.744,5,0.9,0.58,1.145,FALSE,Greed
Hat_Pirate,4,Hat,SpellHelperDamage,None,2.976,20,0.9,0.58,1.145,FALSE,Pirate
Hat_WaterSorcerer,4,Hat,SpellHelperDamage,None,2.976,20,0.9,0.58,1.145,FALSE,WaterSorcerer
Hat_DarkAngel,4,Hat,SpellHelperDamage,None,2.976,20,0.9,0.58,1.145,FALSE,DarkAngel
Hat_RaidMythic,4,Hat,SpellHelperDamage,None,2.976,20,0.9,0.58,1.145,FALSE,RaidMythic
Hat_Halo,1,Hat,SwordAttackDamage,None,0.0138,1,0.9,0.58,1.14,FALSE,None
Hat_Kid,1,Hat,SwordAttackDamage,None,0.0138,1,0.9,0.58,1.14,FALSE,None
Hat_Kitty,1,Hat,SwordAttackDamage,None,0.0138,1,0.9,0.58,1.14,FALSE,None
Hat_Ribbon,1,Hat,SwordAttackDamage,None,0.0138,1,0.9,0.58,1.14,FALSE,None
Hat_HeadPhones,2,Hat,SwordAttackDamage,None,0.04278,2,0.9,0.58,1.14,FALSE,None
Hat_PowerRanger,2,Hat,SwordAttackDamage,None,0.04278,2,0.9,0.58,1.14,FALSE,SpaceKnight
Hat_Crow,2,Hat,SwordAttackDamage,None,0.04278,2,0.9,0.58,1.14,FALSE,Crow
Hat_Mega,3,Hat,SwordAttackDamage,None,0.34224,5,0.9,0.58,1.14,FALSE,None
Hat_Ironman,3,Hat,SwordAttackDamage,None,0.34224,5,0.9,0.58,1.14,FALSE,None
Hat_Bag,3,Hat,SwordAttackDamage,None,0.34224,5,0.9,0.58,1.14,FALSE,None
Hat_Chains,3,Hat,SwordAttackDamage,None,0.34224,5,0.9,0.58,1.14,FALSE,Chains
Hat_Thief,3,Hat,SwordAttackDamage,None,0.34224,5,0.9,0.58,1.14,FALSE,Thief
Hat_Musketeer,3,Hat,SwordAttackDamage,None,0.34224,5,0.9,0.58,1.14,FALSE,Musketeer
Hat_Diamond,3,Hat,SwordAttackDamage,None,0.34224,5,0.9,0.58,1.14,FALSE,Diamond
Hat_BlueKnight,3,Hat,SwordAttackDamage,None,0.34224,5,0.9,0.58,1.14,FALSE,BlueKnight
Hat_Tank,3,Hat,SwordAttackDamage,None,0.34224,5,0.9,0.58,1.14,FALSE,Tank
Hat_Jade,3,Hat,SwordAttackDamage,None,0.34224,5,0.9,0.58,1.14,FALSE,Jade
Hat_Pyro,3,Hat,SwordAttackDamage,None,0.34224,5,0.9,0.58,1.14,FALSE,Pyro
Hat_MultiCast,3,Hat,SwordAttackDamage,None,0.34224,5,0.9,0.58,1.14,FALSE,MultiCast
Hat_Bane,3,Hat,SwordAttackDamage,None,0.34224,5,0.9,0.58,1.14,FALSE,Bane
Hat_Scout,3,Hat,SwordAttackDamage,None,0.34224,5,0.9,0.58,1.14,FALSE,Scout
Hat_LifetimePrestige,3,Hat,SwordAttackDamage,None,0.34224,5,0.9,0.58,1.14,FALSE,LifetimePrestige
Hat_BlackDragon,3,Hat,SwordAttackDamage,None,0.34224,5,0.9,0.58,1.14,FALSE,BlackDragon
Hat_WeaponMaster,3,Hat,SwordAttackDamage,None,0.34224,5,0.9,0.58,1.14,FALSE,WeaponMaster
Hat_SpellBooster,3,Hat,SwordAttackDamage,None,0.34224,5,0.9,0.58,1.14,FALSE,SpellBooster
Hat_BunnyDroid,3,Hat,SwordAttackDamage,None,0.34224,5,0.9,0.58,1.14,FALSE,BunnyDroid
Hat_HighTecLightning,4,Hat,SwordAttackDamage,None,1.36896,20,0.9,0.58,1.14,FALSE,HighTecLightning
Hat_Skulls,4,Hat,SwordAttackDamage,None,1.36896,20,0.9,0.58,1.14,FALSE,Skulls
Hat_EarthRogue,4,Hat,SwordAttackDamage,None,1.36896,20,0.9,0.58,1.14,FALSE,EarthRogue
Hat_FairyKnight,4,Hat,SwordAttackDamage,None,1.36896,20,0.9,0.58,1.14,FALSE,FairyKnight
Slash_FireOrange,1,Slash,ClanShipDamage,None,0.0128,1,0.9,0.58,1.14,FALSE,None
Slash_Embers,1,Slash,ClanShipDamage,None,0.0128,1,0.9,0.58,1.14,FALSE,None
Slash_OrangeTribe,2,Slash,ClanShipDamage,None,0.03968,2,0.9,0.58,1.14,FALSE,Ninja
Slash_Lightning,2,Slash,ClanShipDamage,None,0.03968,2,0.9,0.58,1.14,FALSE,Cyborg
Slash_StarsBlue,3,Slash,ClanShipDamage,None,0.31744,5,0.9,0.58,1.14,FALSE,None
Slash_Gold,3,Slash,ClanShipDamage,None,0.31744,5,0.9,0.58,1.14,FALSE,Anniversary
Slash_Wonder,3,Slash,ClanShipDamage,None,0.31744,5,0.9,0.58,1.14,FALSE,Wonder
Slash_Fur,3,Slash,ClanShipDamage,None,0.31744,5,0.9,0.58,1.14,FALSE,Fur
Slash_Monk,3,Slash,ClanShipDamage,None,0.31744,5,0.9,0.58,1.14,FALSE,Monk
Slash_BlueKnight,3,Slash,ClanShipDamage,None,0.31744,5,0.9,0.58,1.14,FALSE,BlueKnight
Slash_Jade,3,Slash,ClanShipDamage,None,0.31744,5,0.9,0.58,1.14,FALSE,Jade
Slash_RaidCaptain,3,Slash,ClanShipDamage,None,0.31744,5,0.9,0.58,1.14,FALSE,RaidCaptain
Slash_AirshipEngineer,3,Slash,ClanShipDamage,None,0.31744,5,0.9,0.58,1.14,FALSE,AirshipEngineer
Slash_Blacksmith,3,Slash,ClanShipDamage,None,0.31744,5,0.9,0.58,1.14,FALSE,Blacksmith
Slash_Cowboy,3,Slash,ClanShipDamage,None,0.31744,5,0.9,0.58,1.14,FALSE,Cowboy
Slash_WeaponMaster,3,Slash,ClanShipDamage,None,0.31744,5,0.9,0.58,1.14,FALSE,WeaponMaster
Slash_ScrollMaster,3,Slash,ClanShipDamage,None,0.31744,5,0.9,0.58,1.14,FALSE,ScrollMaster
Slash_WarHorn,3,Slash,ClanShipDamage,None,0.31744,5,0.9,0.58,1.14,FALSE,WarHorn
Slash_Spacesuit,3,Slash,ClanShipDamage,None,0.31744,5,0.9,0.58,1.14,FALSE,Spacesuit
Slash_BoneTribe,4,Slash,ClanShipDamage,None,1.26976,20,0.9,0.58,1.14,FALSE,BoneTribe
Slash_Mech,4,Slash,ClanShipDamage,None,1.26976,20,0.9,0.58,1.14,FALSE,Mech
Slash_ElectricWarlord,4,Slash,ClanShipDamage,None,1.26976,20,0.9,0.58,1.14,FALSE,ElectricWarlord
Slash_RedPaint,1,Slash,PetDamage,None,0.0118,1,0.9,0.58,1.14,FALSE,None
Slash_Travel,1,Slash,PetDamage,None,0.0118,1,0.9,0.58,1.14,FALSE,None
Slash_Leaves,2,Slash,PetDamage,None,0.03658,2,0.9,0.58,1.14,FALSE,None
Slash_Knight,2,Slash,PetDamage,None,0.03658,2,0.9,0.58,1.14,FALSE,Knight
Slash_Smelly,3,Slash,PetDamage,None,0.29264,5,0.9,0.58,1.14,FALSE,None
Slash_Captain,3,Slash,PetDamage,None,0.29264,5,0.9,0.58,1.14,FALSE,Captain
Slash_Titan,3,Slash,PetDamage,None,0.29264,5,0.9,0.58,1.14,FALSE,Titan
Slash_Musketeer,3,Slash,PetDamage,None,0.29264,5,0.9,0.58,1.14,FALSE,Musketeer
Slash_Diamond,3,Slash,PetDamage,None,0.29264,5,0.9,0.58,1.14,FALSE,Diamond
Slash_Bazooka,3,Slash,PetDamage,None,0.29264,5,0.9,0.58,1.14,FALSE,Bazooka
Slash_PetTamer,3,Slash,PetDamage,None,0.29264,5,0.9,0.58,1.14,FALSE,PetTamer
Slash_Spartan,3,Slash,PetDamage,None,0.29264,5,0.9,0.58,1.14,FALSE,Spartan
Slash_Pyro,3,Slash,PetDamage,None,0.29264,5,0.9,0.58,1.14,FALSE,Pyro
Slash_PetChampion,3,Slash,PetDamage,None,0.29264,5,0.9,0.58,1.14,FALSE,PetChampion
Slash_FirstMate,3,Slash,PetDamage,None,0.29264,5,0.9,0.58,1.14,FALSE,FirstMate
Slash_Ninetails,3,Slash,PetDamage,None,0.29264,5,0.9,0.58,1.14,FALSE,Ninetails
Slash_WildCat,3,Slash,PetDamage,None,0.29264,5,0.9,0.58,1.14,FALSE,WildCat
Slash_Shepherd,3,Slash,PetDamage,None,0.29264,5,0.9,0.58,1.14,FALSE,Shepherd
Slash_BunnyDroid,3,Slash,PetDamage,None,0.29264,5,0.9,0.58,1.14,FALSE,BunnyDroid
Slash_DarkAlien,4,Slash,PetDamage,None,1.17056,20,0.9,0.58,1.14,FALSE,DarkAlien
Slash_Samurai,4,Slash,PetDamage,None,1.17056,20,0.9,0.58,1.14,FALSE,Samurai
Slash_FireKnight,4,Slash,PetDamage,None,1.17056,20,0.9,0.58,1.14,FALSE,FireKnight
Slash_Darkness,1,Slash,ShadowCloneSkillAmount,None,0.0082,1,0.9,0.58,1.14,FALSE,None
Slash_DarkEnergy,1,Slash,ShadowCloneSkillAmount,None,0.0082,1,0.9,0.58,1.14,FALSE,None
Slash_EmbersBlue,2,Slash,ShadowCloneSkillAmount,None,0.02542,2,0.9,0.58,1.14,FALSE,SpaceKnight
Slash_Ghost,2,Slash,ShadowCloneSkillAmount,None,0.02542,2,0.9,0.58,1.14,FALSE,Ghost
Slash_Crow,2,Slash,ShadowCloneSkillAmount,None,0.02542,2,0.9,0.58,1.14,FALSE,Crow
Slash_Petals,3,Slash,ShadowCloneSkillAmount,None,0.20336,5,0.9,0.58,1.14,FALSE,None
Slash_MouthWash,3,Slash,ShadowCloneSkillAmount,None,0.20336,5,0.9,0.58,1.14,FALSE,None
Slash_Chains,3,Slash,ShadowCloneSkillAmount,None,0.20336,5,0.9,0.58,1.14,FALSE,Chains
Slash_Mage,3,Slash,ShadowCloneSkillAmount,None,0.20336,5,0.9,0.58,1.14,FALSE,Mage
Slash_Enchant,3,Slash,ShadowCloneSkillAmount,None,0.20336,5,0.9,0.58,1.14,FALSE,Enchant
Slash_Rogue,3,Slash,ShadowCloneSkillAmount,None,0.20336,5,0.9,0.58,1.14,FALSE,Rogue
Slash_Midas,3,Slash,ShadowCloneSkillAmount,None,0.20336,5,0.9,0.58,1.14,FALSE,Midas
Slash_MultiCast,3,Slash,ShadowCloneSkillAmount,None,0.20336,5,0.9,0.58,1.14,FALSE,MultiCast
Slash_Corrupted,3,Slash,ShadowCloneSkillAmount,None,0.20336,5,0.9,0.58,1.14,FALSE,Corrupted
Slash_FairyShaman,3,Slash,ShadowCloneSkillAmount,None,0.20336,5,0.9,0.58,1.14,FALSE,FairyShaman
Slash_Headless,3,Slash,ShadowCloneSkillAmount,None,0.20336,5,0.9,0.58,1.14,FALSE,Headless
Slash_Devil,3,Slash,ShadowCloneSkillAmount,None,0.20336,5,0.9,0.58,1.14,FALSE,Devil
Slash_Greed,3,Slash,ShadowCloneSkillAmount,None,0.20336,5,0.9,0.58,1.14,FALSE,Greed
Slash_Pirate,4,Slash,ShadowCloneSkillAmount,None,0.81344,20,0.9,0.58,1.14,FALSE,Pirate
Slash_Skulls,4,Slash,ShadowCloneSkillAmount,None,0.81344,20,0.9,0.58,1.14,FALSE,Skulls
Slash_EarthRogue,4,Slash,ShadowCloneSkillAmount,None,0.81344,20,0.9,0.58,1.14,FALSE,EarthRogue
Slash_RaidMythic,4,Slash,ShadowCloneSkillAmount,None,0.81344,20,0.9,0.58,1.14,FALSE,RaidMythic
Slash_Stars,1,Slash,BurstDamageSkillAmount,None,0.0082,1,0.9,0.58,1.15,FALSE,None
Slash_MagentaPaint,1,Slash,BurstDamageSkillAmount,None,0.0082,1,0.9,0.58,1.15,FALSE,None
Slash_Rainbow,2,Slash,BurstDamageSkillAmount,None,0.02542,2,0.9,0.58,1.15,FALSE,None
Slash_Bishop,2,Slash,BurstDamageSkillAmount,None,0.02542,2,0.9,0.58,1.15,FALSE,Bishop
Slash_Dragon,3,Slash,BurstDamageSkillAmount,None,0.20336,5,0.9,0.58,1.15,FALSE,Dragon
Slash_Platinum,3,Slash,BurstDamageSkillAmount,None,0.20336,5,0.9,0.58,1.15,FALSE,Platinum
Slash_Zeus,3,Slash,BurstDamageSkillAmount,None,0.20336,5,0.9,0.58,1.15,FALSE,Zeus
Slash_Hunter,3,Slash,BurstDamageSkillAmount,None,0.20336,5,0.9,0.58,1.15,FALSE,Hunter
Slash_Tank,3,Slash,BurstDamageSkillAmount,None,0.20336,5,0.9,0.58,1.15,FALSE,Tank
Slash_Sun,3,Slash,BurstDamageSkillAmount,None,0.20336,5,0.9,0.58,1.15,FALSE,Sun
Slash_Twilight,3,Slash,BurstDamageSkillAmount,None,0.20336,5,0.9,0.58,1.15,FALSE,Twilight
Slash_TwilightFairyKing,3,Slash,BurstDamageSkillAmount,None,0.20336,5,0.9,0.58,1.15,FALSE,TwilightFairyKing
Slash_Bane,3,Slash,BurstDamageSkillAmount,None,0.20336,5,0.9,0.58,1.15,FALSE,Bane
Slash_ManaMage,3,Slash,BurstDamageSkillAmount,None,0.20336,5,0.9,0.58,1.15,FALSE,ManaMage
Slash_Scout,3,Slash,BurstDamageSkillAmount,None,0.20336,5,0.9,0.58,1.15,FALSE,Scout
Slash_BlackDragon,3,Slash,BurstDamageSkillAmount,None,0.20336,5,0.9,0.58,1.15,FALSE,BlackDragon
Slash_Aquamarine,3,Slash,BurstDamageSkillAmount,None,0.20336,5,0.9,0.58,1.15,FALSE,Aquamarine
Slash_HighTecLightning,4,Slash,BurstDamageSkillAmount,None,0.81344,20,0.9,0.58,1.15,FALSE,HighTecLightning
Slash_WaterSorcerer,4,Slash,BurstDamageSkillAmount,None,0.81344,20,0.9,0.58,1.15,FALSE,WaterSorcerer
Slash_DarkAngel,4,Slash,BurstDamageSkillAmount,None,0.81344,20,0.9,0.58,1.15,FALSE,DarkAngel
Slash_FairyKnight,4,Slash,BurstDamageSkillAmount,None,0.81344,20,0.9,0.58,1.15,FALSE,FairyKnight
Slash_Water,1,Slash,UltraDaggerDamage,None,0.0118,1,0.9,0.58,1.14,FALSE,None
Slash_DeepPurple,1,Slash,UltraDaggerDamage,None,0.0118,1,0.9,0.58,1.14,FALSE,None
Slash_Viking,2,Slash,UltraDaggerDamage,None,0.03658,2,0.9,0.58,1.14,FALSE,Viking
Slash_FireTribe,2,Slash,UltraDaggerDamage,None,0.03658,2,0.9,0.58,1.14,FALSE,FireTribe
Slash_Thief,3,Slash,UltraDaggerDamage,None,0.29264,5,0.9,0.58,1.14,FALSE,Thief
Slash_Wolf,3,Slash,UltraDaggerDamage,None,0.29264,5,0.9,0.58,1.14,FALSE,Wolf
Slash_Green,3,Slash,UltraDaggerDamage,None,0.29264,5,0.9,0.58,1.14,FALSE,Green
Slash_Medic,3,Slash,UltraDaggerDamage,None,0.29264,5,0.9,0.58,1.14,FALSE,Medic
Slash_DaggerRogue,3,Slash,UltraDaggerDamage,None,0.29264,5,0.9,0.58,1.14,FALSE,DaggerRogue
Slash_LifetimePrestige,3,Slash,UltraDaggerDamage,None,0.29264,5,0.9,0.58,1.14,FALSE,LifetimePrestige
Slash_Jester,3,Slash,UltraDaggerDamage,None,0.29264,5,0.9,0.58,1.14,FALSE,Jester
Slash_SpellBooster,3,Slash,UltraDaggerDamage,None,0.29264,5,0.9,0.58,1.14,FALSE,SpellBooster
Slash_Chakram,4,Slash,UltraDaggerDamage,None,1.17056,20,0.9,0.58,1.14,FALSE,Chakram
Slash_Nomad,4,Slash,UltraDaggerDamage,None,1.17056,20,0.9,0.58,1.14,FALSE,Nomad
Slash_FireGray,1,Slash,GoldGunDamage,None,0.0118,1,0.9,0.58,1.14,FALSE,None
Slash_Paint,1,Slash,GoldGunDamage,None,0.0118,1,0.9,0.58,1.14,FALSE,None
Slash_Lava,2,Slash,GoldGunDamage,None,0.03658,2,0.9,0.58,1.14,FALSE,FireCook
Slash_BlueFlame,2,Slash,GoldGunDamage,None,0.03658,2,0.9,0.58,1.14,FALSE,BlueFlame
Slash_FireBlack,3,Slash,GoldGunDamage,None,0.29264,5,0.9,0.58,1.14,FALSE,None
Slash_Fire,3,Slash,GoldGunDamage,None,0.29264,5,0.9,0.58,1.14,FALSE,None
Slash_GoldGun,3,Slash,GoldGunDamage,None,0.29264,5,0.9,0.58,1.14,FALSE,GoldGun
Slash_Stone,3,Slash,GoldGunDamage,None,0.29264,5,0.9,0.58,1.14,FALSE,Stone
Slash_SoloRaid,3,Slash,GoldGunDamage,None,0.29264,5,0.9,0.58,1.14,FALSE,SoloRaid
Slash_TimeWizard,3,Slash,GoldGunDamage,None,0.29264,5,0.9,0.58,1.14,FALSE,TimeWizard
Slash_PlagueDoctor,3,Slash,GoldGunDamage,None,0.29264,5,0.9,0.58,1.14,FALSE,PlagueDoctor
Slash_GoldRain,3,Slash,GoldGunDamage,None,0.29264,5,0.9,0.58,1.14,FALSE,GoldRain
Slash_PerkMaster,3,Slash,GoldGunDamage,None,0.29264,5,0.9,0.58,1.14,FALSE,PerkMaster
Slash_SteampunkKnight,4,Slash,GoldGunDamage,None,1.17056,20,0.9,0.58,1.14,FALSE,SteampunkKnight
Suit_ArmorIce,1,Suit,GoldAll,None,0.045,1,0.9,0.58,1.14,FALSE,None
Suit_Casual,1,Suit,GoldAll,None,0.045,1,0.9,0.58,1.14,FALSE,None
Suit_Wizard,1,Suit,GoldAll,None,0.045,1,0.9,0.58,1.14,FALSE,None
Suit_ArmorRoyal,2,Suit,GoldAll,None,0.1395,2,0.9,0.58,1.14,FALSE,FireCook
Suit_KungFu,2,Suit,GoldAll,None,0.1395,2,0.9,0.58,1.14,FALSE,Ninja
Suit_Bishop,2,Suit,GoldAll,None,0.1395,2,0.9,0.58,1.14,FALSE,Bishop
Suit_BlueFlame,2,Suit,GoldAll,None,0.1395,2,0.9,0.58,1.14,FALSE,BlueFlame
Suit_ArmorHighTec,3,Suit,GoldAll,None,1.116,5,0.9,0.58,1.14,FALSE,None
Suit_ArmorRed,3,Suit,GoldAll,None,1.116,5,0.9,0.58,1.14,FALSE,None
Suit_Wolf,3,Suit,GoldAll,None,1.116,5,0.9,0.58,1.14,FALSE,Wolf
Suit_Chains,3,Suit,GoldAll,None,1.116,5,0.9,0.58,1.14,FALSE,Chains
Suit_Platinum,3,Suit,GoldAll,None,1.116,5,0.9,0.58,1.14,FALSE,Platinum
Suit_Medic,3,Suit,GoldAll,None,1.116,5,0.9,0.58,1.14,FALSE,Medic
Suit_Diamond,3,Suit,GoldAll,None,1.116,5,0.9,0.58,1.14,FALSE,Diamond
Suit_Bazooka,3,Suit,GoldAll,None,1.116,5,0.9,0.58,1.14,FALSE,Bazooka
Suit_Midas,3,Suit,GoldAll,None,1.116,5,0.9,0.58,1.14,FALSE,Midas
Suit_Jade,3,Suit,GoldAll,None,1.116,5,0.9,0.58,1.14,FALSE,Jade
Suit_Spartan,3,Suit,GoldAll,None,1.116,5,0.9,0.58,1.14,FALSE,Spartan
Suit_Sun,3,Suit,GoldAll,None,1.116,5,0.9,0.58,1.14,FALSE,Sun
Suit_DaggerRogue,3,Suit,GoldAll,None,1.116,5,0.9,0.58,1.14,FALSE,DaggerRogue
Suit_GoldGun,3,Suit,GoldAll,None,1.116,5,0.9,0.58,1.14,FALSE,GoldGun
Suit_TwilightFairyKing,3,Suit,GoldAll,None,1.116,5,0.9,0.58,1.14,FALSE,TwilightFairyKing
Suit_Bane,3,Suit,GoldAll,None,1.116,5,0.9,0.58,1.14,FALSE,Bane
Suit_TimeWizard,3,Suit,GoldAll,None,1.116,5,0.9,0.58,1.14,FALSE,TimeWizard
Suit_LifetimePrestige,3,Suit,GoldAll,None,1.116,5,0.9,0.58,1.14,FALSE,LifetimePrestige
Suit_Devil,3,Suit,GoldAll,None,1.116,5,0.9,0.58,1.14,FALSE,Devil
Suit_ScrollMaster,3,Suit,GoldAll,None,1.116,5,0.9,0.58,1.14,FALSE,ScrollMaster
Suit_Spacesuit,3,Suit,GoldAll,None,1.116,5,0.9,0.58,1.14,FALSE,Spacesuit
Suit_Greed,3,Suit,GoldAll,None,1.116,5,0.9,0.58,1.14,FALSE,Greed
Suit_Pirate,4,Suit,GoldAll,None,4.464,20,0.9,0.58,1.14,FALSE,Pirate
Suit_HighTecLightning,4,Suit,GoldAll,None,4.464,20,0.9,0.58,1.14,FALSE,HighTecLightning
Suit_FairyKnight,4,Suit,GoldAll,None,4.464,20,0.9,0.58,1.14,FALSE,FairyKnight
Suit_Nomad,4,Suit,GoldAll,None,4.464,20,0.9,0.58,1.14,FALSE,Nomad
Suit_ArmorScale,1,Suit,ChestAmount,None,0.141,1,0.9,0.58,1.145,FALSE,None
Suit_Farmer,1,Suit,ChestAmount,None,0.141,1,0.9,0.58,1.145,FALSE,None
Suit_ArmorGreen,1,Suit,ChestAmount,None,0.141,1,0.9,0.58,1.145,FALSE,None
Suit_ArmorWhite,2,Suit,ChestAmount,None,0.4371,2,0.9,0.58,1.145,FALSE,SpaceKnight
Suit_ArmorOrange,2,Suit,ChestAmount,None,0.4371,2,0.9,0.58,1.145,FALSE,None
Suit_Viking,2,Suit,ChestAmount,None,0.4371,2,0.9,0.58,1.145,FALSE,Viking
Suit_FireTribe,2,Suit,ChestAmount,None,0.4371,2,0.9,0.58,1.145,FALSE,FireTribe
Suit_ArmorRoman,3,Suit,ChestAmount,None,3.4968,5,0.9,0.58,1.145,FALSE,None
Suit_Ninja,3,Suit,ChestAmount,None,3.4968,5,0.9,0.58,1.145,FALSE,None
Suit_Gold,3,Suit,ChestAmount,None,3.4968,5,0.9,0.58,1.145,FALSE,Anniversary
Suit_Fur,3,Suit,ChestAmount,None,3.4968,5,0.9,0.58,1.145,FALSE,Fur
Suit_Mage,3,Suit,ChestAmount,None,3.4968,5,0.9,0.58,1.145,FALSE,Mage
Suit_Monk,3,Suit,ChestAmount,None,3.4968,5,0.9,0.58,1.145,FALSE,Monk
Suit_Enchant,3,Suit,ChestAmount,None,3.4968,5,0.9,0.58,1.145,FALSE,Enchant
Suit_PetTamer,3,Suit,ChestAmount,None,3.4968,5,0.9,0.58,1.145,FALSE,PetTamer
Suit_MultiCast,3,Suit,ChestAmount,None,3.4968,5,0.9,0.58,1.145,FALSE,MultiCast
Suit_RaidCaptain,3,Suit,ChestAmount,None,3.4968,5,0.9,0.58,1.145,FALSE,RaidCaptain
Suit_Twilight,3,Suit,ChestAmount,None,3.4968,5,0.9,0.58,1.145,FALSE,Twilight
Suit_AirshipEngineer,3,Suit,ChestAmount,None,3.4968,5,0.9,0.58,1.145,FALSE,AirshipEngineer
Suit_Stone,3,Suit,ChestAmount,None,3.4968,5,0.9,0.58,1.145,FALSE,Stone
Suit_Blacksmith,3,Suit,ChestAmount,None,3.4968,5,0.9,0.58,1.145,FALSE,Blacksmith
Suit_ManaMage,3,Suit,ChestAmount,None,3.4968,5,0.9,0.58,1.145,FALSE,ManaMage
Suit_Headless,3,Suit,ChestAmount,None,3.4968,5,0.9,0.58,1.145,FALSE,Headless
Suit_BlackDragon,3,Suit,ChestAmount,None,3.4968,5,0.9,0.58,1.145,FALSE,BlackDragon
Suit_SpellBooster,3,Suit,ChestAmount,None,3.4968,5,0.9,0.58,1.145,FALSE,SpellBooster
Suit_WarHorn,3,Suit,ChestAmount,None,3.4968,5,0.9,0.58,1.145,FALSE,WarHorn
Suit_BoneTribe,4,Suit,ChestAmount,None,13.9872,20,0.9,0.58,1.145,FALSE,BoneTribe
Suit_Mech,4,Suit,ChestAmount,None,13.9872,20,0.9,0.58,1.145,FALSE,Mech
Suit_WaterSorcerer,4,Suit,ChestAmount,None,13.9872,20,0.9,0.58,1.145,FALSE,WaterSorcerer
Suit_ElectricWarlord,4,Suit,ChestAmount,None,13.9872,20,0.9,0.58,1.145,FALSE,ElectricWarlord
Suit_DarkAngel,4,Suit,ChestAmount,None,13.9872,20,0.9,0.58,1.145,FALSE,DarkAngel
Suit_SteampunkKnight,4,Suit,ChestAmount,None,13.9872,20,0.9,0.58,1.145,FALSE,SteampunkKnight
Suit_ArmorPurple,1,Suit,GoldBoss,None,0.141,1,0.9,0.58,1.145,FALSE,None
Suit_ArmorFace,1,Suit,GoldBoss,None,0.141,1,0.9,0.58,1.145,FALSE,None
Suit_Travel,1,Suit,GoldBoss,None,0.141,1,0.9,0.58,1.145,FALSE,None
Suit_Robot,2,Suit,GoldBoss,None,0.4371,2,0.9,0.58,1.145,FALSE,Cyborg
Suit_Ghost,2,Suit,GoldBoss,None,0.4371,2,0.9,0.58,1.145,FALSE,Ghost
Suit_Crow,2,Suit,GoldBoss,None,0.4371,2,0.9,0.58,1.145,FALSE,Crow
Suit_Chicken,3,Suit,GoldBoss,None,3.4968,5,0.9,0.58,1.145,FALSE,None
Suit_Ironman,3,Suit,GoldBoss,None,3.4968,5,0.9,0.58,1.145,FALSE,None
Suit_Dragon,3,Suit,GoldBoss,None,3.4968,5,0.9,0.58,1.145,FALSE,Dragon
Suit_Captain,3,Suit,GoldBoss,None,3.4968,5,0.9,0.58,1.145,FALSE,Captain
Suit_Titan,3,Suit,GoldBoss,None,3.4968,5,0.9,0.58,1.145,FALSE,Titan
Suit_Zeus,3,Suit,GoldBoss,None,3.4968,5,0.9,0.58,1.145,FALSE,Zeus
Suit_Musketeer,3,Suit,GoldBoss,None,3.4968,5,0.9,0.58,1.145,FALSE,Musketeer
Suit_BlueKnight,3,Suit,GoldBoss,None,3.4968,5,0.9,0.58,1.145,FALSE,BlueKnight
Suit_Tank,3,Suit,GoldBoss,None,3.4968,5,0.9,0.58,1.145,FALSE,Tank
Suit_Pyro,3,Suit,GoldBoss,None,3.4968,5,0.9,0.58,1.145,FALSE,Pyro
Suit_PetChampion,3,Suit,GoldBoss,None,3.4968,5,0.9,0.58,1.145,FALSE,PetChampion
Suit_Corrupted,3,Suit,GoldBoss,None,3.4968,5,0.9,0.58,1.145,FALSE,Corrupted
Suit_FairyShaman,3,Suit,GoldBoss,None,3.4968,5,0.9,0.58,1.145,FALSE,FairyShaman
Suit_SoloRaid,3,Suit,GoldBoss,None,3.4968,5,0.9,0.58,1.145,FALSE,SoloRaid
Suit_Scout,3,Suit,GoldBoss,None,3.4968,5,0.9,0.58,1.145,FALSE,Scout
Suit_Ninetails,3,Suit,GoldBoss,None,3.4968,5,0.9,0.58,1.145,FALSE,Ninetails
Suit_GoldRain,3,Suit,GoldBoss,None,3.4968,5,0.9,0.58,1.145,FALSE,GoldRain
Suit_WildCat,3,Suit,GoldBoss,None,3.4968,5,0.9,0.58,1.145,FALSE,WildCat
Suit_Shepherd,3,Suit,GoldBoss,None,3.4968,5,0.9,0.58,1.145,FALSE,Shepherd
Suit_Skulls,4,Suit,GoldBoss,None,13.9872,20,0.9,0.58,1.145,FALSE,Skulls
Suit_Samurai,4,Suit,GoldBoss,None,13.9872,20,0.9,0.58,1.145,FALSE,Samurai
Suit_FireKnight,4,Suit,GoldBoss,None,13.9872,20,0.9,0.58,1.145,FALSE,FireKnight
Suit_RaidMythic,4,Suit,GoldBoss,None,13.9872,20,0.9,0.58,1.145,FALSE,RaidMythic
Suit_Knight,2,Suit,JackpotGold,None,0.1395,2,0.9,0.58,1.14,FALSE,Knight
Suit_Green,3,Suit,JackpotGold,None,1.116,5,0.9,0.58,1.14,FALSE,Green
Suit_Wonder,3,Suit,JackpotGold,None,1.116,5,0.9,0.58,1.14,FALSE,Wonder
Suit_Thief,3,Suit,JackpotGold,None,1.116,5,0.9,0.58,1.14,FALSE,Thief
Suit_Hunter,3,Suit,JackpotGold,None,1.116,5,0.9,0.58,1.14,FALSE,Hunter
Suit_Rogue,3,Suit,JackpotGold,None,1.116,5,0.9,0.58,1.14,FALSE,Rogue
Suit_FirstMate,3,Suit,JackpotGold,None,1.116,5,0.9,0.58,1.14,FALSE,FirstMate
Suit_Cowboy,3,Suit,JackpotGold,None,1.116,5,0.9,0.58,1.14,FALSE,Cowboy
Suit_PlagueDoctor,3,Suit,JackpotGold,None,1.116,5,0.9,0.58,1.14,FALSE,PlagueDoctor
Suit_Jester,3,Suit,JackpotGold,None,1.116,5,0.9,0.58,1.14,FALSE,Jester
Suit_WeaponMaster,3,Suit,JackpotGold,None,1.116,5,0.9,0.58,1.14,FALSE,WeaponMaster
Suit_PerkMaster,3,Suit,JackpotGold,None,1.116,5,0.9,0.58,1.14,FALSE,PerkMaster
Suit_Aquamarine,3,Suit,JackpotGold,None,1.116,5,0.9,0.58,1.14,FALSE,Aquamarine
Suit_BunnyDroid,3,Suit,JackpotGold,None,1.116,5,0.9,0.58,1.14,FALSE,BunnyDroid
Suit_DarkAlien,4,Suit,JackpotGold,None,4.464,20,0.9,0.58,1.14,FALSE,DarkAlien
Suit_EarthRogue,4,Suit,JackpotGold,None,4.464,20,0.9,0.58,1.14,FALSE,EarthRogue
Suit_Chakram,4,Suit,JackpotGold,None,4.464,20,0.9,0.58,1.14,FALSE,Chakram
Weapon_Basic,1,Weapon,AllDamage,None,0.056,1,0.9,0.58,1.14,FALSE,None
Weapon_Bat,1,Weapon,AllDamage,None,0.056,1,0.9,0.58,1.14,FALSE,None
Weapon_Club,1,Weapon,AllDamage,None,0.056,1,0.9,0.58,1.14,FALSE,None
Weapon_WoodAxe,1,Weapon,AllDamage,None,0.056,1,0.9,0.58,1.14,FALSE,None
Weapon_Brute,1,Weapon,AllDamage,None,0.056,1,0.9,0.58,1.14,FALSE,None
Weapon_Laser,2,Weapon,AllDamage,None,0.1736,2,0.9,0.58,1.14,FALSE,None
Weapon_ZigZag,2,Weapon,AllDamage,None,0.1736,2,0.9,0.58,1.14,FALSE,SpaceKnight
Weapon_Crow,2,Weapon,AllDamage,None,0.1736,2,0.9,0.58,1.14,FALSE,Crow
Weapon_BlueFlame,2,Weapon,AllDamage,None,0.1736,2,0.9,0.58,1.14,FALSE,BlueFlame
Weapon_Excalibur,3,Weapon,AllDamage,None,1.3888,5,0.9,0.58,1.14,FALSE,None
Weapon_Cleaver,3,Weapon,AllDamage,None,1.3888,5,0.9,0.58,1.14,FALSE,None
Weapon_Guitar,3,Weapon,AllDamage,None,1.3888,5,0.9,0.58,1.14,FALSE,None
Weapon_Green,3,Weapon,AllDamage,None,1.3888,5,0.9,0.58,1.14,FALSE,Green
Weapon_Chains,3,Weapon,AllDamage,None,1.3888,5,0.9,0.58,1.14,FALSE,Chains
Weapon_Platinum,3,Weapon,AllDamage,None,1.3888,5,0.9,0.58,1.14,FALSE,Platinum
Weapon_Medic,3,Weapon,AllDamage,None,1.3888,5,0.9,0.58,1.14,FALSE,Medic
Weapon_Midas,3,Weapon,AllDamage,None,1.3888,5,0.9,0.58,1.14,FALSE,Midas
Weapon_MultiCast,3,Weapon,AllDamage,None,1.3888,5,0.9,0.58,1.14,FALSE,MultiCast
Weapon_Corrupted,3,Weapon,AllDamage,None,1.3888,5,0.9,0.58,1.14,FALSE,Corrupted
Weapon_FirstMate,3,Weapon,AllDamage,None,1.3888,5,0.9,0.58,1.14,FALSE,FirstMate
Weapon_ManaMage,3,Weapon,AllDamage,None,1.3888,5,0.9,0.58,1.14,FALSE,ManaMage
Weapon_TimeWizard,3,Weapon,AllDamage,None,1.3888,5,0.9,0.58,1.14,FALSE,TimeWizard
Weapon_Scout,3,Weapon,AllDamage,None,1.3888,5,0.9,0.58,1.14,FALSE,Scout
Weapon_Jester,3,Weapon,AllDamage,None,1.3888,5,0.9,0.58,1.14,FALSE,Jester
Weapon_WeaponMaster,3,Weapon,AllDamage,None,1.3888,5,0.9,0.58,1.14,FALSE,WeaponMaster
Weapon_SpellBooster,3,Weapon,AllDamage,None,1.3888,5,0.9,0.58,1.14,FALSE,SpellBooster
Weapon_Pirate,4,Weapon,AllDamage,None,5.5552,20,0.9,0.58,1.14,FALSE,Pirate
Weapon_Skulls,4,Weapon,AllDamage,None,5.5552,20,0.9,0.58,1.14,FALSE,Skulls
Weapon_HighTecLightning,4,Weapon,AllDamage,None,5.5552,20,0.9,0.58,1.14,FALSE,HighTecLightning
Weapon_Nomad,4,Weapon,AllDamage,None,5.5552,20,0.9,0.58,1.14,FALSE,Nomad
Weapon_Gear,1,Weapon,AllHelperDamage,None,0.098,1,0.9,0.58,1.15,FALSE,None
Weapon_Sythe,1,Weapon,AllHelperDamage,None,0.098,1,0.9,0.58,1.15,FALSE,None
Weapon_Hammer,1,Weapon,AllHelperDamage,None,0.098,1,0.9,0.58,1.15,FALSE,None
Weapon_Ninja,1,Weapon,AllHelperDamage,None,0.098,1,0.9,0.58,1.15,FALSE,None
Weapon_BattleAxe,1,Weapon,AllHelperDamage,None,0.098,1,0.9,0.58,1.15,FALSE,None
Weapon_Halberd,2,Weapon,AllHelperDamage,None,0.3038,2,0.9,0.58,1.15,FALSE,None
Weapon_Beam,2,Weapon,AllHelperDamage,None,0.3038,2,0.9,0.58,1.15,FALSE,Cyborg
Weapon_FireTribe,2,Weapon,AllHelperDamage,None,0.3038,2,0.9,0.58,1.15,FALSE,FireTribe
Weapon_Holy,3,Weapon,AllHelperDamage,None,2.4304,5,0.9,0.58,1.15,FALSE,None
Weapon_Poison,3,Weapon,AllHelperDamage,None,2.4304,5,0.9,0.58,1.15,FALSE,None
Weapon_GoldSword,3,Weapon,AllHelperDamage,None,2.4304,5,0.9,0.58,1.15,FALSE,Anniversary
Weapon_Wonder,3,Weapon,AllHelperDamage,None,2.4304,5,0.9,0.58,1.15,FALSE,Wonder
Weapon_Fur,3,Weapon,AllHelperDamage,None,2.4304,5,0.9,0.58,1.15,FALSE,Fur
Weapon_Monk,3,Weapon,AllHelperDamage,None,2.4304,5,0.9,0.58,1.15,FALSE,Monk
Weapon_Enchant,3,Weapon,AllHelperDamage,None,2.4304,5,0.9,0.58,1.15,FALSE,Enchant
Weapon_Hunter,3,Weapon,AllHelperDamage,None,2.4304,5,0.9,0.58,1.15,FALSE,Hunter
Weapon_BlueKnight,3,Weapon,AllHelperDamage,None,2.4304,5,0.9,0.58,1.15,FALSE,BlueKnight
Weapon_Jade,3,Weapon,AllHelperDamage,None,2.4304,5,0.9,0.58,1.15,FALSE,Jade
Weapon_RaidCaptain,3,Weapon,AllHelperDamage,None,2.4304,5,0.9,0.58,1.15,FALSE,RaidCaptain
Weapon_AirshipEngineer,3,Weapon,AllHelperDamage,None,2.4304,5,0.9,0.58,1.15,FALSE,AirshipEngineer
Weapon_GoldGun,3,Weapon,AllHelperDamage,None,2.4304,5,0.9,0.58,1.15,FALSE,GoldGun
Weapon_FairyShaman,3,Weapon,AllHelperDamage,None,2.4304,5,0.9,0.58,1.15,FALSE,FairyShaman
Weapon_Blacksmith,3,Weapon,AllHelperDamage,None,2.4304,5,0.9,0.58,1.15,FALSE,Blacksmith
Weapon_SoloRaid,3,Weapon,AllHelperDamage,None,2.4304,5,0.9,0.58,1.15,FALSE,SoloRaid
Weapon_PlagueDoctor,3,Weapon,AllHelperDamage,None,2.4304,5,0.9,0.58,1.15,FALSE,PlagueDoctor
Weapon_GoldRain,3,Weapon,AllHelperDamage,None,2.4304,5,0.9,0.58,1.15,FALSE,GoldRain
Weapon_ScrollMaster,3,Weapon,AllHelperDamage,None,2.4304,5,0.9,0.58,1.15,FALSE,ScrollMaster
Weapon_WarHorn,3,Weapon,AllHelperDamage,None,2.4304,5,0.9,0.58,1.15,FALSE,WarHorn
Weapon_Spacesuit,3,Weapon,AllHelperDamage,None,2.4304,5,0.9,0.58,1.15,FALSE,Spacesuit
Weapon_BoneTribe,4,Weapon,AllHelperDamage,None,9.7216,20,0.9,0.58,1.15,FALSE,BoneTribe
Weapon_ElectricWarlord,4,Weapon,AllHelperDamage,None,9.7216,20,0.9,0.58,1.15,FALSE,ElectricWarlord
Weapon_RaidMythic,4,Weapon,AllHelperDamage,None,9.7216,20,0.9,0.58,1.15,FALSE,RaidMythic
Weapon_Glaive,1,Weapon,CritDamage,None,0.06,1,0.9,0.58,1.145,FALSE,None
Weapon_Buster,1,Weapon,CritDamage,None,0.06,1,0.9,0.58,1.145,FALSE,None
Weapon_Skull,1,Weapon,CritDamage,None,0.06,1,0.9,0.58,1.145,FALSE,None
Weapon_Spear,1,Weapon,CritDamage,None,0.06,1,0.9,0.58,1.145,FALSE,None
Weapon_Katana,1,Weapon,CritDamage,None,0.06,1,0.9,0.58,1.145,FALSE,None
Weapon_PitchFork,2,Weapon,CritDamage,None,0.186,2,0.9,0.58,1.145,FALSE,None
Weapon_Staff,2,Weapon,CritDamage,None,0.186,2,0.9,0.58,1.145,FALSE,None
Weapon_BlueSword,2,Weapon,CritDamage,None,0.186,2,0.9,0.58,1.145,FALSE,Ghost
Weapon_Knight,2,Weapon,CritDamage,None,0.186,2,0.9,0.58,1.145,FALSE,Knight
Weapon_Saw,3,Weapon,CritDamage,None,1.488,5,0.9,0.58,1.145,FALSE,None
Weapon_Fish,3,Weapon,CritDamage,None,1.488,5,0.9,0.58,1.145,FALSE,None
Weapon_Wrench,3,Weapon,CritDamage,None,1.488,5,0.9,0.58,1.145,FALSE,None
Weapon_Wolf,3,Weapon,CritDamage,None,1.488,5,0.9,0.58,1.145,FALSE,Wolf
Weapon_Mage,3,Weapon,CritDamage,None,1.488,5,0.9,0.58,1.145,FALSE,Mage
Weapon_Zeus,3,Weapon,CritDamage,None,1.488,5,0.9,0.58,1.145,FALSE,Zeus
Weapon_Bazooka,3,Weapon,CritDamage,None,1.488,5,0.9,0.58,1.145,FALSE,Bazooka
Weapon_Sun,3,Weapon,CritDamage,None,1.488,5,0.9,0.58,1.145,FALSE,Sun
Weapon_Pyro,3,Weapon,CritDamage,None,1.488,5,0.9,0.58,1.145,FALSE,Pyro
Weapon_DaggerRogue,3,Weapon,CritDamage,None,1.488,5,0.9,0.58,1.145,FALSE,DaggerRogue
Weapon_Bane,3,Weapon,CritDamage,None,1.488,5,0.9,0.58,1.145,FALSE,Bane
Weapon_Cowboy,3,Weapon,CritDamage,None,1.488,5,0.9,0.58,1.145,FALSE,Cowboy
Weapon_Headless,3,Weapon,CritDamage,None,1.488,5,0.9,0.58,1.145,FALSE,Headless
Weapon_Ninetails,3,Weapon,CritDamage,None,1.488,5,0.9,0.58,1.145,FALSE,Ninetails
Weapon_BlackDragon,3,Weapon,CritDamage,None,1.488,5,0.9,0.58,1.145,FALSE,BlackDragon
Weapon_PerkMaster,3,Weapon,CritDamage,None,1.488,5,0.9,0.58,1.145,FALSE,PerkMaster
Weapon_Aquamarine,3,Weapon,CritDamage,None,1.488,5,0.9,0.58,1.145,FALSE,Aquamarine
Weapon_Shepherd,3,Weapon,CritDamage,None,1.488,5,0.9,0.58,1.145,FALSE,Shepherd
Weapon_DarkAlien,4,Weapon,CritDamage,None,5.952,20,0.9,0.58,1.145,FALSE,DarkAlien
Weapon_Mech,4,Weapon,CritDamage,None,5.952,20,0.9,0.58,1.145,FALSE,Mech
Weapon_WaterSorcerer,4,Weapon,CritDamage,None,5.952,20,0.9,0.58,1.145,FALSE,WaterSorcerer
Weapon_DarkAngel,4,Weapon,CritDamage,None,5.952,20,0.9,0.58,1.145,FALSE,DarkAngel
Weapon_SteampunkKnight,4,Weapon,CritDamage,None,5.952,20,0.9,0.58,1.145,FALSE,SteampunkKnight
Weapon_Key,1,Weapon,TapDamage,None,0.084,1,0.9,0.58,1.15,FALSE,None
Weapon_Pencil,1,Weapon,TapDamage,None,0.084,1,0.9,0.58,1.15,FALSE,None
Weapon_Steel,1,Weapon,TapDamage,None,0.084,1,0.9,0.58,1.15,FALSE,None
Weapon_Travel,1,Weapon,TapDamage,None,0.084,1,0.9,0.58,1.15,FALSE,None
Weapon_Fan,2,Weapon,TapDamage,None,0.2604,2,0.9,0.58,1.15,FALSE,Ninja
Weapon_FriedEgg,2,Weapon,TapDamage,None,0.2604,2,0.9,0.58,1.15,FALSE,FireCook
Weapon_Viking,2,Weapon,TapDamage,None,0.2604,2,0.9,0.58,1.15,FALSE,Viking
Weapon_Bishop,2,Weapon,TapDamage,None,0.2604,2,0.9,0.58,1.15,FALSE,Bishop
Weapon_SwordFish,3,Weapon,TapDamage,None,2.0832,5,0.9,0.58,1.15,FALSE,None
Weapon_Dragon,3,Weapon,TapDamage,None,2.0832,5,0.9,0.58,1.15,FALSE,Dragon
Weapon_SwordMaster,3,Weapon,TapDamage,None,2.0832,5,0.9,0.58,1.15,FALSE,None
Weapon_Captain,3,Weapon,TapDamage,None,2.0832,5,0.9,0.58,1.15,FALSE,Captain
Weapon_Titan,3,Weapon,TapDamage,None,2.0832,5,0.9,0.58,1.15,FALSE,Titan
Weapon_Thief,3,Weapon,TapDamage,None,2.0832,5,0.9,0.58,1.15,FALSE,Thief
Weapon_Musketeer,3,Weapon,TapDamage,None,2.0832,5,0.9,0.58,1.15,FALSE,Musketeer
Weapon_Diamond,3,Weapon,TapDamage,None,2.0832,5,0.9,0.58,1.15,FALSE,Diamond
Weapon_Rogue,3,Weapon,TapDamage,None,2.0832,5,0.9,0.58,1.15,FALSE,Rogue
Weapon_PetTamer,3,Weapon,TapDamage,None,2.0832,5,0.9,0.58,1.15,FALSE,PetTamer
Weapon_Tank,3,Weapon,TapDamage,None,2.0832,5,0.9,0.58,1.15,FALSE,Tank
Weapon_Spartan,3,Weapon,TapDamage,None,2.0832,5,0.9,0.58,1.15,FALSE,Spartan
Weapon_Twilight,3,Weapon,TapDamage,None,2.0832,5,0.9,0.58,1.15,FALSE,Twilight
Weapon_PetChampion,3,Weapon,TapDamage,None,2.0832,5,0.9,0.58,1.15,FALSE,PetChampion
Weapon_TwilightFairyKing,3,Weapon,TapDamage,None,2.0832,5,0.9,0.58,1.15,FALSE,TwilightFairyKing
Weapon_Stone,3,Weapon,TapDamage,None,2.0832,5,0.9,0.58,1.15,FALSE,Stone
Weapon_LifetimePrestige,3,Weapon,TapDamage,None,2.0832,5,0.9,0.58,1.15,FALSE,LifetimePrestige
Weapon_Devil,3,Weapon,TapDamage,None,2.0832,5,0.9,0.58,1.15,FALSE,Devil
Weapon_WildCat,3,Weapon,TapDamage,None,2.0832,5,0.9,0.58,1.15,FALSE,WildCat
Weapon_BunnyDroid,3,Weapon,TapDamage,None,2.0832,5,0.9,0.58,1.15,FALSE,BunnyDroid
Weapon_Greed,3,Weapon,TapDamage,None,2.0832,5,0.9,0.58,1.15,FALSE,Greed
Weapon_Samurai,4,Weapon,TapDamage,None,8.3328,20,0.9,0.58,1.15,FALSE,Samurai
Weapon_FireKnight,4,Weapon,TapDamage,None,8.3328,20,0.9,0.58,1.15,FALSE,FireKnight
Weapon_EarthRogue,4,Weapon,TapDamage,None,8.3328,20,0.9,0.58,1.15,FALSE,EarthRogue
Weapon_Chakram,4,Weapon,TapDamage,None,8.3328,20,0.9,0.58,1.15,FALSE,Chakram
Weapon_FairyKnight,4,Weapon,TapDamage,None,8.3328,20,0.9,0.58,1.15,FALSE,FairyKnight
Weapon_DevilFork,1,Weapon,TapDamage,None,0.44268,3,0.9,0.58,1.15,TRUE,None
Weapon_Lolipod,1,Weapon,CritDamage,None,0.3162,3,0.9,0.58,1.145,TRUE,None
Weapon_Pumpkin,1,Weapon,AllHelperDamage,None,0.51646,3,0.9,0.58,1.15,TRUE,None
Weapon_StreetLamp,1,Weapon,AllDamage,None,0.29512,3,0.9,0.58,1.14,TRUE,Scarecrow
Aura_Pumpkin,1,Aura,HelmetBoost,None,0.02108,3,0.9,0.58,1.145,TRUE,Scarecrow
Hat_Pumpkin,1,Hat,SwordAttackDamage,None,0.072726,3,0.9,0.58,1.14,TRUE,Scarecrow
Slash_SpiderWeb,1,Slash,ShadowCloneSkillAmount,None,0.043214,3,0.9,0.58,1.14,TRUE,Scarecrow
Suit_Scarecrow,1,Suit,GoldAll,None,0.23715,3,0.9,0.58,1.14,TRUE,Scarecrow
Hat_Slayer,1,Hat,MeleeHelperDamage,None,0.1581,3,0.9,0.58,1.145,TRUE,Slayer
Slash_Slayer,1,Slash,PetDamage,None,0.062186,3,0.9,0.58,1.14,TRUE,Slayer
Suit_Slayer,1,Suit,GoldBoss,None,0.74307,3,0.9,0.58,1.145,TRUE,Slayer
Weapon_Slayer,1,Weapon,CritDamage,None,0.3162,3,0.9,0.58,1.145,TRUE,Slayer
Aura_Slayer,1,Aura,SwordBoost,None,0.016864,3,0.9,0.58,1.14,TRUE,Slayer
Weapon_HolidayTree,1,Weapon,CritDamage,None,0.3162,3,0.9,0.58,1.145,TRUE,None
Weapon_CandyCane,1,Weapon,AllDamage,None,0.29512,3,0.9,0.58,1.14,TRUE,None
Suit_UglySweater1,1,Suit,ChestAmount,None,0.74307,3,0.9,0.58,1.145,TRUE,None
Suit_UglySweater2,1,Suit,GoldBoss,None,0.74307,3,0.9,0.58,1.145,TRUE,None
Suit_Elf,1,Suit,GoldAll,None,0.23715,3,0.9,0.58,1.14,TRUE,None
Slash_HolidayTree,1,Slash,PetDamage,None,0.062186,3,0.9,0.58,1.14,TRUE,None
Hat_Santa,1,Hat,SwordAttackDamage,None,0.072726,3,0.9,0.58,1.14,TRUE,None
Hat_Elf,1,Hat,SpellHelperDamage,None,0.1581,3,0.9,0.58,1.145,TRUE,None
Hat_Antlers,1,Hat,MeleeHelperDamage,None,0.1581,3,0.9,0.58,1.145,TRUE,None
Weapon_Carrot,1,Weapon,AllHelperDamage,None,0.51646,3,0.9,0.58,1.15,TRUE,Snowman
Hat_Snowman,1,Hat,RangedHelperDamage,None,0.1581,3,0.9,0.58,1.145,TRUE,Snowman
Suit_Snowman,1,Suit,GoldBoss,None,0.74307,3,0.9,0.58,1.145,TRUE,Snowman
Aura_SnowStorm,1,Aura,SwordBoost,None,0.016864,3,0.9,0.58,1.14,TRUE,Snowman
Slash_SnowFlakes,1,Slash,ClanShipDamage,None,0.067456,3,0.9,0.58,1.14,TRUE,Snowman
Aura_Sled,1,Aura,SlashBoost,None,0.016864,3,0.9,0.58,1.14,TRUE,Sled
Hat_Sled,1,Hat,MeleeHelperDamage,None,0.1581,3,0.9,0.58,1.145,TRUE,Sled
Slash_Sled,1,Slash,PetDamage,None,0.062186,3,0.9,0.58,1.14,TRUE,Sled
Suit_Sled,1,Suit,JackpotGold,None,0.23715,3,0.9,0.58,1.14,TRUE,Sled
Weapon_Sled,1,Weapon,TapDamage,None,0.44268,3,0.9,0.58,1.15,TRUE,Sled
Hat_Valentines,1,Hat,RangedHelperDamage,None,0.1581,3,0.9,0.58,1.145,TRUE,None
Aura_Valentines,1,Aura,HelmetBoost,None,0.02108,3,0.9,0.58,1.145,TRUE,None
Weapon_Valentines,1,Weapon,AllDamage,None,0.29512,3,0.9,0.58,1.14,TRUE,None
Weapon_Rose,1,Weapon,TapDamage,None,0.44268,3,0.9,0.58,1.15,TRUE,None
Weapon_Poet,1,Weapon,CritDamage,None,0.3162,3,0.9,0.58,1.145,TRUE,Poet
Hat_Poet,1,Hat,MeleeHelperDamage,None,0.1581,3,0.9,0.58,1.145,TRUE,Poet
Suit_Poet,1,Suit,ChestAmount,None,0.74307,3,0.9,0.58,1.145,TRUE,Poet
Aura_Poet,1,Aura,HelmetBoost,None,0.02108,3,0.9,0.58,1.145,TRUE,Poet
Slash_Poet,1,Slash,PetDamage,None,0.062186,3,0.9,0.58,1.14,TRUE,Poet
Aura_CNY,1,Aura,SlashBoost,None,0.016864,3,0.9,0.58,1.14,TRUE,CNY
Hat_CNY,1,Hat,SpellHelperDamage,None,0.1581,3,0.9,0.58,1.145,TRUE,CNY
Slash_CNY,1,Slash,ClanShipDamage,None,0.067456,3,0.9,0.58,1.14,TRUE,CNY
Suit_CNY,1,Suit,GoldBoss,None,0.74307,3,0.9,0.58,1.145,TRUE,CNY
Weapon_CNY,1,Weapon,AllDamage,None,0.29512,3,0.9,0.58,1.14,TRUE,CNY
Weapon_Gem,1,Weapon,AllDamage,None,0.29512,3,0.9,0.58,1.14,TRUE,None
Weapon_DarkHare,1,Weapon,CritDamage,None,0.3162,3,0.9,0.58,1.145,TRUE,None
Hat_DarkHare,1,Hat,MeleeHelperDamage,None,0.1581,3,0.9,0.58,1.145,TRUE,None
Suit_DarkHare,1,Suit,GoldBoss,None,0.74307,3,0.9,0.58,1.145,TRUE,None
Weapon_LightBunny,1,Weapon,TapDamage,None,0.44268,3,0.9,0.58,1.15,TRUE,LightBunny
Hat_LightBunny,1,Hat,SpellHelperDamage,None,0.1581,3,0.9,0.58,1.145,TRUE,LightBunny
Suit_LightBunny,1,Suit,ChestAmount,None,0.74307,3,0.9,0.58,1.145,TRUE,LightBunny
Aura_LightBunny,1,Aura,SlashBoost,None,0.016864,3,0.9,0.58,1.14,TRUE,LightBunny
Slash_LightBunny,1,Slash,PetDamage,None,0.062186,3,0.9,0.58,1.14,TRUE,LightBunny
Aura_StageLights,1,Aura,HelmetBoost,None,0.02108,3,0.9,0.58,1.145,TRUE,None
Hat_Headphones2,1,Hat,RangedHelperDamage,None,0.1581,3,0.9,0.58,1.145,TRUE,None
Hat_SkullCap,1,Hat,SpellHelperDamage,None,0.1581,3,0.9,0.58,1.145,TRUE,None
Suit_RedHoodie,1,Suit,GoldAll,None,0.23715,3,0.9,0.58,1.14,TRUE,None
Weapon_Keyboard,1,Weapon,AllDamage,None,0.29512,3,0.9,0.58,1.14,TRUE,None
Aura_Rockstar,1,Aura,SwordBoost,None,0.016864,3,0.9,0.58,1.14,TRUE,Rockstar
Hat_Rockstar,1,Hat,SpellHelperDamage,None,0.1581,3,0.9,0.58,1.145,TRUE,Rockstar
Slash_Rockstar,1,Slash,ClanShipDamage,None,0.067456,3,0.9,0.58,1.14,TRUE,Rockstar
Suit_Rockstar,1,Suit,ChestAmount,None,0.74307,3,0.9,0.58,1.145,TRUE,Rockstar
Weapon_Rockstar,1,Weapon,AllHelperDamage,None,0.51646,3,0.9,0.58,1.15,TRUE,Rockstar
Aura_SFX,1,Aura,SwordBoost,None,0.016864,3,0.9,0.58,1.14,TRUE,None
Slash_CartoonLightning,1,Slash,ClanShipDamage,None,0.067456,3,0.9,0.58,1.14,TRUE,None
Slash_CartoonSlash,1,Slash,ShadowCloneSkillAmount,None,0.043214,3,0.9,0.58,1.14,TRUE,None
Aura_Joker,1,Aura,SwordBoost,None,0.016864,3,0.9,0.58,1.14,TRUE,None
Weapon_Joker,1,Weapon,CritDamage,None,0.3162,3,0.9,0.58,1.145,TRUE,None
Slash_Joker,1,Slash,ShadowCloneSkillAmount,None,0.043214,3,0.9,0.58,1.14,TRUE,None
Hat_Joker,1,Hat,SwordAttackDamage,None,0.072726,3,0.9,0.58,1.14,TRUE,None
Suit_Joker,1,Suit,GoldBoss,None,0.74307,3,0.9,0.58,1.145,TRUE,None
Aura_Quinn,1,Aura,SlashBoost,None,0.016864,3,0.9,0.58,1.14,TRUE,Quinn
Weapon_Quinn,1,Weapon,TapDamage,None,0.44268,3,0.9,0.58,1.15,TRUE,Quinn
Slash_Quinn,1,Slash,PetDamage,None,0.062186,3,0.9,0.58,1.14,TRUE,Quinn
Hat_Quinn,1,Hat,RangedHelperDamage,None,0.1581,3,0.9,0.58,1.145,TRUE,Quinn
Suit_Quinn,1,Suit,GoldAll,None,0.23715,3,0.9,0.58,1.14,TRUE,Quinn
Aura_Surf,1,Aura,HelmetBoost,None,0.02108,3,0.9,0.58,1.145,TRUE,Surf
Hat_Surf,1,Hat,SpellHelperDamage,None,0.1581,3,0.9,0.58,1.145,TRUE,Surf
Slash_Surf,1,Slash,ClanShipDamage,None,0.067456,3,0.9,0.58,1.14,TRUE,Surf
Suit_Surf,1,Suit,ChestAmount,None,0.74307,3,0.9,0.58,1.145,TRUE,Surf
Weapon_Surf,1,Weapon,AllHelperDamage,None,0.51646,3,0.9,0.58,1.15,TRUE,Surf
Hat_Sports,1,Hat,MeleeHelperDamage,None,0.1581,3,0.9,0.58,1.145,TRUE,Sports
Suit_Sports,1,Suit,GoldAll,None,0.23715,3,0.9,0.58,1.14,TRUE,Sports
Weapon_Sports,1,Weapon,AllDamage,None,0.29512,3,0.9,0.58,1.14,TRUE,Sports
Aura_Sports,1,Aura,SwordBoost,None,0.016864,3,0.9,0.58,1.14,TRUE,Sports
Slash_Sports,1,Slash,BurstDamageSkillAmount,None,0.043214,3,0.9,0.58,1.15,TRUE,Sports
Aura_Druid,1,Aura,SlashBoost,None,0.016864,3,0.9,0.58,1.14,TRUE,None
Hat_Druid,1,Hat,SpellHelperDamage,None,0.1581,3,0.9,0.58,1.145,TRUE,None
Slash_Druid,1,Slash,ClanShipDamage,None,0.067456,3,0.9,0.58,1.14,TRUE,None
Suit_Druid,1,Suit,GoldBoss,None,0.74307,3,0.9,0.58,1.145,TRUE,None
Weapon_Druid,1,Weapon,AllDamage,None,0.29512,3,0.9,0.58,1.14,TRUE,None
Weapon_Basketball,1,Weapon,None,None,1,1,1,1,1,TRUE,None
Weapon_Baseball,1,Weapon,None,None,1,1,1,1,1,TRUE,None
Weapon_Football,1,Weapon,None,None,1,1,1,1,1,TRUE,None
Weapon_Soccer,1,Weapon,None,None,1,1,1,1,1,TRUE,None
Weapon_Finger,1,Weapon,None,None,1,1,1,1,1,TRUE,None
Hat_Reaper,1,Hat,SwordAttackDamage,None,0.072726,3,0.9,0.58,1.14,TRUE,Reaper
Suit_Reaper,1,Suit,GoldAll,None,0.23715,3,0.9,0.58,1.14,TRUE,Reaper
Weapon_Reaper,1,Weapon,CritDamage,None,0.3162,3,0.9,0.58,1.145,TRUE,Reaper
Aura_Reaper,1,Aura,HelmetBoost,None,0.02108,3,0.9,0.58,1.145,TRUE,Reaper
Slash_Reaper,1,Slash,ShadowCloneSkillAmount,None,0.043214,3,0.9,0.58,1.14,TRUE,Reaper
Hat_Gamer,1,Hat,SwordAttackDamage,None,0.072726,3,0.9,0.58,1.14,TRUE,Gamer
Suit_Gamer,1,Suit,GoldBoss,None,0.74307,3,0.9,0.58,1.145,TRUE,Gamer
Weapon_Gamer,1,Weapon,CritDamage,None,0.3162,3,0.9,0.58,1.145,TRUE,Gamer
Aura_Gamer,1,Aura,HelmetBoost,None,0.02108,3,0.9,0.58,1.145,TRUE,Gamer
Slash_Gamer,1,Slash,BurstDamageSkillAmount,None,0.043214,3,0.9,0.58,1.15,TRUE,Gamer
Weapon_TypeKeyboard,1,Weapon,AllDamage,None,0.29512,3,0.9,0.58,1.14,TRUE,None
Weapon_Phone,1,Weapon,TapDamage,None,0.44268,3,0.9,0.58,1.15,TRUE,None
Weapon_Handheld,1,Weapon,CritDamage,None,0.3162,3,0.9,0.58,1.145,TRUE,None
Weapon_Chair,1,Weapon,AllHelperDamage,None,0.51646,3,0.9,0.58,1.15,TRUE,None
Weapon_Frost,1,Weapon,AllHelperDamage,None,0.51646,3,0.9,0.58,1.15,TRUE,Frost
Hat_Frost,1,Hat,RangedHelperDamage,None,0.1581,3,0.9,0.58,1.145,TRUE,Frost
Suit_Frost,1,Suit,ChestAmount,None,0.74307,3,0.9,0.58,1.145,TRUE,Frost
Aura_Frost,1,Aura,SlashBoost,None,0.016864,3,0.9,0.58,1.14,TRUE,Frost
Slash_Frost,1,Slash,ClanShipDamage,None,0.067456,3,0.9,0.58,1.14,TRUE,Frost
Weapon_Baker,1,Weapon,AllDamage,None,0.29512,3,0.9,0.58,1.14,TRUE,Baker
Hat_Baker,1,Hat,MeleeHelperDamage,None,0.1581,3,0.9,0.58,1.145,TRUE,Baker
Suit_Baker,1,Suit,GoldAll,None,0.23715,3,0.9,0.58,1.14,TRUE,Baker
Aura_Baker,1,Aura,SwordBoost,None,0.016864,3,0.9,0.58,1.14,TRUE,Baker
Slash_Baker,1,Slash,ShadowCloneSkillAmount,None,0.043214,3,0.9,0.58,1.14,TRUE,Baker
Weapon_Demon,1,Weapon,TapDamage,None,0.44268,3,0.9,0.58,1.15,TRUE,Demon
Hat_Demon,1,Hat,SpellHelperDamage,None,0.1581,3,0.9,0.58,1.145,TRUE,Demon
Suit_Demon,1,Suit,GoldBoss,None,0.74307,3,0.9,0.58,1.145,TRUE,Demon
Aura_Demon,1,Aura,SlashBoost,None,0.016864,3,0.9,0.58,1.14,TRUE,Demon
Slash_Demon,1,Slash,ShadowCloneSkillAmount,None,0.043214,3,0.9,0.58,1.14,TRUE,Demon
Weapon_GoldAngel,1,Weapon,AllHelperDamage,None,0.51646,3,0.9,0.58,1.15,TRUE,GoldAngel
Hat_GoldAngel,1,Hat,SwordAttackDamage,None,0.072726,3,0.9,0.58,1.14,TRUE,GoldAngel
Suit_GoldAngel,1,Suit,ChestAmount,None,0.74307,3,0.9,0.58,1.145,TRUE,GoldAngel
Aura_GoldAngel,1,Aura,HelmetBoost,None,0.02108,3,0.9,0.58,1.145,TRUE,GoldAngel
Slash_GoldAngel,1,Slash,BurstDamageSkillAmount,None,0.043214,3,0.9,0.58,1.15,TRUE,GoldAngel
Weapon_Influencer,1,Weapon,TapDamage,None,0.44268,3,0.9,0.58,1.15,TRUE,Influencer
Hat_Influencer,1,Hat,RangedHelperDamage,None,0.1581,3,0.9,0.58,1.145,TRUE,Influencer
Suit_Influencer,1,Suit,GoldAll,None,0.23715,3,0.9,0.58,1.14,TRUE,Influencer
Aura_Influencer,1,Aura,SwordBoost,None,0.016864,3,0.9,0.58,1.14,TRUE,Influencer
Slash_Influencer,1,Slash,BurstDamageSkillAmount,None,0.043214,3,0.9,0.58,1.15,TRUE,Influencer
Weapon_Mic,1,Weapon,TapDamage,None,0.44268,3,0.9,0.58,1.15,TRUE,None
Weapon_SelfieStick,1,Weapon,AllHelperDamage,None,0.51646,3,0.9,0.58,1.15,TRUE,None
Aura_Broadcast,1,Aura,SlashBoost,None,0.016864,3,0.9,0.58,1.14,TRUE,None
Aura_REC,1,Aura,HelmetBoost,None,0.02108,3,0.9,0.58,1.145,TRUE,None
Weapon_Grill,1,Weapon,TapDamage,None,0.44268,3,0.9,0.58,1.15,TRUE,Grill
Hat_Grill,1,Hat,SwordAttackDamage,None,0.072726,3,0.9,0.58,1.14,TRUE,Grill
Suit_Grill,1,Suit,GoldBoss,None,0.74307,3,0.9,0.58,1.145,TRUE,Grill
Aura_Grill,1,Aura,HelmetBoost,None,0.02108,3,0.9,0.58,1.145,TRUE,Grill
Slash_Grill,1,Slash,ClanShipDamage,None,0.067456,3,0.9,0.58,1.14,TRUE,Grill
Suit_Sundress,1,Suit,GoldBoss,None,0.74307,3,0.9,0.58,1.145,TRUE,None
Hat_Sunhat,1,Hat,MeleeHelperDamage,None,0.1581,3,0.9,0.58,1.145,TRUE,None
Weapon_Skewer,1,Weapon,TapDamage,None,0.44268,3,0.9,0.58,1.15,TRUE,None
Weapon_Hotdog,1,Weapon,AllHelperDamage,None,0.51646,3,0.9,0.58,1.15,TRUE,None
Weapon_BBQ,1,Weapon,AllDamage,None,0.29512,3,0.9,0.58,1.14,TRUE,None
Weapon_Vampire,1,Weapon,AllDamage,None,0.29512,3,0.9,0.58,1.14,TRUE,Vampire
Hat_Vampire,1,Hat,RangedHelperDamage,None,0.1581,3,0.9,0.58,1.145,TRUE,Vampire
Suit_Vampire,1,Suit,GoldAll,None,0.23715,3,0.9,0.58,1.14,TRUE,Vampire
Aura_Vampire,1,Aura,SwordBoost,None,0.016864,3,0.9,0.58,1.14,TRUE,Vampire
Slash_Vampire,1,Slash,ShadowCloneSkillAmount,None,0.043214,3,0.9,0.58,1.14,TRUE,Vampire
Weapon_Jukk,1,Weapon,AllDamage,None,0.29512,3,0.9,0.58,1.14,TRUE,Jukk
Hat_Jukk,1,Hat,RangedHelperDamage,None,0.1581,3,0.9,0.58,1.145,TRUE,Jukk
Suit_Jukk,1,Suit,GoldBoss,None,0.74307,3,0.9,0.58,1.145,TRUE,Jukk
Aura_Jukk,1,Aura,HelmetBoost,None,0.02108,3,0.9,0.58,1.145,TRUE,Jukk
Slash_Jukk,1,Slash,PetDamage,None,0.062186,3,0.9,0.58,1.14,TRUE,Jukk
Weapon_Snowboard,1,Weapon,AllHelperDamage,None,0.51646,3,0.9,0.58,1.15,TRUE,Snowboard
Hat_Snowboard,1,Hat,SwordAttackDamage,None,0.072726,3,0.9,0.58,1.14,TRUE,Snowboard
Suit_Snowboard,1,Suit,ChestAmount,None,0.74307,3,0.9,0.58,1.145,TRUE,Snowboard
Aura_Snowboard,1,Aura,SlashBoost,None,0.016864,3,0.9,0.58,1.14,TRUE,Snowboard
Slash_Snowboard,1,Slash,ClanShipDamage,None,0.067456,3,0.9,0.58,1.14,TRUE,Snowboard
Weapon_Lolita,1,Weapon,TapDamage,None,0.44268,3,0.9,0.58,1.15,TRUE,Lolita
Hat_Lolita,1,Hat,SwordAttackDamage,None,0.072726,3,0.9,0.58,1.14,TRUE,Lolita
Suit_Lolita,1,Suit,GoldBoss,None,0.74307,3,0.9,0.58,1.145,TRUE,Lolita
Aura_Lolita,1,Aura,SwordBoost,None,0.016864,3,0.9,0.58,1.14,TRUE,Lolita
Slash_Lolita,1,Slash,ClanShipDamage,None,0.067456,3,0.9,0.58,1.14,TRUE,Lolita
Weapon_Bard,1,Weapon,AllHelperDamage,None,0.51646,3,0.9,0.58,1.15,TRUE,Bard
Hat_Bard,1,Hat,SpellHelperDamage,None,0.1581,3,0.9,0.58,1.145,TRUE,Bard
Suit_Bard,1,Suit,ChestAmount,None,0.74307,3,0.9,0.58,1.145,TRUE,Bard
Aura_Bard,1,Aura,HelmetBoost,None,0.02108,3,0.9,0.58,1.145,TRUE,Bard
Slash_Bard,1,Slash,BurstDamageSkillAmount,None,0.043214,3,0.9,0.58,1.15,TRUE,Bard
Weapon_RockGirl,1,Weapon,CritDamage,None,0.3162,3,0.9,0.58,1.145,TRUE,RockGirl
Hat_RockGirl,1,Hat,SpellHelperDamage,None,0.1581,3,0.9,0.58,1.145,TRUE,RockGirl
Suit_RockGirl,1,Suit,GoldAll,None,0.23715,3,0.9,0.58,1.14,TRUE,RockGirl
Aura_RockGirl,1,Aura,SlashBoost,None,0.016864,3,0.9,0.58,1.14,TRUE,RockGirl
Slash_RockGirl,1,Slash,UltraDaggerDamage,None,0.062186,3,0.9,0.58,1.14,TRUE,RockGirl
Weapon_Lifeguard,1,Weapon,AllHelperDamage,None,0.51646,3,0.9,0.58,1.15,TRUE,Lifeguard
Hat_Lifeguard,1,Hat,MeleeHelperDamage,None,0.1581,3,0.9,0.58,1.145,TRUE,Lifeguard
Suit_Lifeguard,1,Suit,GoldBoss,None,0.74307,3,0.9,0.58,1.145,TRUE,Lifeguard
Aura_Lifeguard,1,Aura,HelmetBoost,None,0.02108,3,0.9,0.58,1.145,TRUE,Lifeguard
Slash_Lifeguard,1,Slash,BurstDamageSkillAmount,None,0.043214,3,0.9,0.58,1.15,TRUE,Lifeguard
Weapon_Watergun,1,Weapon,CritDamage,None,0.3162,3,0.9,0.58,1.145,TRUE,None
Aura_Waterballoon,1,Aura,SlashBoost,None,0.016864,3,0.9,0.58,1.14,TRUE,None
Weapon_Witch,1,Weapon,AllDamage,None,0.29512,3,0.9,0.58,1.14,TRUE,Witch
Hat_Witch,1,Hat,SpellHelperDamage,None,0.1581,3,0.9,0.58,1.145,TRUE,Witch
Suit_Witch,1,Suit,GoldAll,None,0.23715,3,0.9,0.58,1.14,TRUE,Witch
Aura_Witch,1,Aura,SlashBoost,None,0.016864,3,0.9,0.58,1.14,TRUE,Witch
Slash_Witch,1,Slash,ShadowCloneSkillAmount,None,0.043214,3,0.9,0.58,1.14,TRUE,Witch
Weapon_Spellmaster,1,Weapon,AllHelperDamage,None,0.51646,3,0.9,0.58,1.15,TRUE,Spellmaster
Hat_Spellmaster,1,Hat,SpellHelperDamage,None,0.1581,3,0.9,0.58,1.145,TRUE,Spellmaster
Suit_Spellmaster,1,Suit,JackpotGold,None,0.23715,3,0.9,0.58,1.14,TRUE,Spellmaster
Aura_Spellmaster,1,Aura,SwordBoost,None,0.016864,3,0.9,0.58,1.14,TRUE,Spellmaster
Slash_Spellmaster,1,Slash,BurstDamageSkillAmount,None,0.043214,3,0.9,0.58,1.15,TRUE,Spellmaster
Weapon_Grinch,1,Weapon,TapDamage,None,0.44268,3,0.9,0.58,1.15,TRUE,Grinch
Hat_Grinch,1,Hat,SwordAttackDamage,None,0.072726,3,0.9,0.58,1.14,TRUE,Grinch
Suit_Grinch,1,Suit,GoldAll,None,0.23715,3,0.9,0.58,1.14,TRUE,Grinch
Aura_Grinch,1,Aura,SwordBoost,None,0.016864,3,0.9,0.58,1.14,TRUE,Grinch
Slash_Grinch,1,Slash,GoldGunDamage,None,0.062186,3,0.9,0.58,1.14,TRUE,Grinch
Weapon_Cupid,1,Weapon,AllDamage,None,0.29512,3,0.9,0.58,1.14,TRUE,Cupid
Hat_Cupid,1,Hat,RangedHelperDamage,None,0.1581,3,0.9,0.58,1.145,TRUE,Cupid
Suit_Cupid,1,Suit,ChestAmount,None,0.74307,3,0.9,0.58,1.145,TRUE,Cupid
Aura_Cupid,1,Aura,SwordBoost,None,0.016864,3,0.9,0.58,1.14,TRUE,Cupid
Slash_Cupid,1,Slash,UltraDaggerDamage,None,0.062186,3,0.9,0.58,1.14,TRUE,Cupid
Weapon_Gambler,1,Weapon,CritDamage,None,0.3162,3,0.9,0.58,1.145,TRUE,Gambler
Hat_Gambler,1,Hat,MeleeHelperDamage,None,0.1581,3,0.9,0.58,1.145,TRUE,Gambler
Suit_Gambler,1,Suit,JackpotGold,None,0.23715,3,0.9,0.58,1.14,TRUE,Gambler
Aura_Gambler,1,Aura,SlashBoost,None,0.016864,3,0.9,0.58,1.14,TRUE,Gambler
Slash_Gambler,1,Slash,GoldGunDamage,None,0.062186,3,0.9,0.58,1.14,TRUE,Gambler
Weapon_Dungeoneer,1,Weapon,AllDamage,None,0.29512,3,0.9,0.58,1.14,TRUE,Dungeoneer
Hat_Dungeoneer,1,Hat,SwordAttackDamage,None,0.072726,3,0.9,0.58,1.14,TRUE,Dungeoneer
Suit_Dungeoneer,1,Suit,GoldAll,None,0.23715,3,0.9,0.58,1.14,TRUE,Dungeoneer
Aura_Dungeoneer,1,Aura,HelmetBoost,None,0.02108,3,0.9,0.58,1.145,TRUE,Dungeoneer
Slash_Dungeoneer,1,Slash,PetDamage,None,0.062186,3,0.9,0.58,1.14,TRUE,Dungeoneer
Weapon_Beach,1,Weapon,TapDamage,None,0.44268,3,0.9,0.58,1.15,TRUE,Beach
Hat_Beach,1,Hat,SpellHelperDamage,None,0.1581,3,0.9,0.58,1.145,TRUE,Beach
Suit_Beach,1,Suit,GoldBoss,None,0.74307,3,0.9,0.58,1.145,TRUE,Beach
Aura_Beach,1,Aura,HelmetBoost,None,0.02108,3,0.9,0.58,1.145,TRUE,Beach
Slash_Beach,1,Slash,ClanShipDamage,None,0.067456,3,0.9,0.58,1.14,TRUE,Beach
Weapon_Picnic,1,Weapon,AllHelperDamage,None,0.51646,3,0.9,0.58,1.15,TRUE,Picnic
Hat_Picnic,1,Hat,RangedHelperDamage,None,0.1581,3,0.9,0.58,1.145,TRUE,Picnic
Suit_Picnic,1,Suit,ChestAmount,None,0.74307,3,0.9,0.58,1.145,TRUE,Picnic
Aura_Picnic,1,Aura,SwordBoost,None,0.016864,3,0.9,0.58,1.14,TRUE,Picnic
Slash_Picnic,1,Slash,BurstDamageSkillAmount,None,0.043214,3,0.9,0.58,1.15,TRUE,Picnic
Weapon_Hollow,1,Weapon,AllDamage,None,0.29512,3,0.9,0.58,1.14,TRUE,Hollow
Hat_Hollow,1,Hat,SpellHelperDamage,None,0.1581,3,0.9,0.58,1.145,TRUE,Hollow
Suit_Hollow,1,Suit,GoldAll,None,0.23715,3,0.9,0.58,1.14,TRUE,Hollow
Aura_Hollow,1,Aura,SwordBoost,None,0.016864,3,0.9,0.58,1.14,TRUE,Hollow
Slash_Hollow,1,Slash,ShadowCloneSkillAmount,None,0.043214,3,0.9,0.58,1.14,TRUE,Hollow
Weapon_Prestigious,1,Weapon,TapDamage,None,0.44268,3,0.9,0.58,1.15,TRUE,Prestigious
Hat_Prestigious,1,Hat,MeleeHelperDamage,None,0.1581,3,0.9,0.58,1.145,TRUE,Prestigious
Suit_Prestigious,1,Suit,JackpotGold,None,0.23715,3,0.9,0.58,1.14,TRUE,Prestigious
Aura_Prestigious,1,Aura,SlashBoost,None,0.016864,3,0.9,0.58,1.14,TRUE,Prestigious
Slash_Prestigious,1,Slash,GoldGunDamage,None,0.062186,3,0.9,0.58,1.14,TRUE,Prestigious
Weapon_Gingerbread,1,Weapon,TapDamage,None,0.44268,3,0.9,0.58,1.15,TRUE,Gingerbread
Hat_Gingerbread,1,Hat,SwordAttackDamage,None,0.072726,3,0.9,0.58,1.14,TRUE,Gingerbread
Suit_Gingerbread,1,Suit,JackpotGold,None,0.23715,3,0.9,0.58,1.14,TRUE,Gingerbread
Aura_Gingerbread,1,Aura,SwordBoost,None,0.016864,3,0.9,0.58,1.14,TRUE,Gingerbread
Slash_Gingerbread,1,Slash,BurstDamageSkillAmount,None,0.043214,3,0.9,0.58,1.15,TRUE,Gingerbread
Weapon_Scientist,1,Weapon,AllDamage,None,0.29512,3,0.9,0.58,1.14,TRUE,Scientist
Hat_Scientist,1,Hat,SpellHelperDamage,None,0.1581,3,0.9,0.58,1.145,TRUE,Scientist
Suit_Scientist,1,Suit,ChestAmount,None,0.74307,3,0.9,0.58,1.145,TRUE,Scientist
Aura_Scientist,1,Aura,HelmetBoost,None,0.02108,3,0.9,0.58,1.145,TRUE,Scientist
Slash_Scientist,1,Slash,GoldGunDamage,None,0.062186,3,0.9,0.58,1.14,TRUE,Scientist
Weapon_Dancer,1,Weapon,AllHelperDamage,None,0.51646,3,0.9,0.58,1.15,TRUE,Dancer
Hat_Dancer,1,Hat,MeleeHelperDamage,None,0.1581,3,0.9,0.58,1.145,TRUE,Dancer
Suit_Dancer,1,Suit,GoldAll,None,0.23715,3,0.9,0.58,1.14,TRUE,Dancer
Aura_Dancer,1,Aura,SlashBoost,None,0.016864,3,0.9,0.58,1.14,TRUE,Dancer
Slash_Dancer,1,Slash,UltraDaggerDamage,None,0.062186,3,0.9,0.58,1.14,TRUE,Dancer
Weapon_SunBather,1,Weapon,TapDamage,None,0.44268,3,0.9,0.58,1.15,TRUE,SunBather
Hat_SunBather,1,Hat,RangedHelperDamage,None,0.1581,3,0.9,0.58,1.145,TRUE,SunBather
Suit_SunBather,1,Suit,GoldBoss,None,0.74307,3,0.9,0.58,1.145,TRUE,SunBather
Aura_SunBather,1,Aura,SwordBoost,None,0.016864,3,0.9,0.58,1.14,TRUE,SunBather
Slash_SunBather,1,Slash,PetDamage,None,0.062186,3,0.9,0.58,1.14,TRUE,SunBather
Weapon_AnniversaryFairy,1,Weapon,CritDamage,None,0.3162,3,0.9,0.58,1.145,TRUE,AnniversaryFairy
Hat_AnniversaryFairy,1,Hat,SwordAttackDamage,None,0.072726,3,0.9,0.58,1.14,TRUE,AnniversaryFairy
Suit_AnniversaryFairy,1,Suit,ChestAmount,None,0.74307,3,0.9,0.58,1.145,TRUE,AnniversaryFairy
Aura_AnniversaryFairy,1,Aura,HelmetBoost,None,0.02108,3,0.9,0.58,1.145,TRUE,AnniversaryFairy
Slash_AnniversaryFairy,1,Slash,GoldGunDamage,None,0.062186,3,0.9,0.58,1.14,TRUE,AnniversaryFairy
Weapon_Yeti,1,Weapon,TapDamage,None,0.44268,3,0.9,0.58,1.15,TRUE,Yeti
Hat_Yeti,1,Hat,RangedHelperDamage,None,0.1581,3,0.9,0.58,1.145,TRUE,Yeti
Suit_Yeti,1,Suit,GoldAll,None,0.23715,3,0.9,0.58,1.14,TRUE,Yeti
Aura_Yeti,1,Aura,SwordBoost,None,0.016864,3,0.9,0.58,1.14,TRUE,Yeti
Slash_Yeti,1,Slash,ClanShipDamage,None,0.067456,3,0.9,0.58,1.14,TRUE,Yeti
Weapon_Punk,1,Weapon,AllDamage,None,0.29512,3,0.9,0.58,1.14,TRUE,Punk
Hat_Punk,1,Hat,SpellHelperDamage,None,0.1581,3,0.9,0.58,1.145,TRUE,Punk
Suit_Punk,1,Suit,ChestAmount,None,0.74307,3,0.9,0.58,1.145,TRUE,Punk
Aura_Punk,1,Aura,SwordBoost,None,0.016864,3,0.9,0.58,1.14,TRUE,Punk
Slash_Punk,1,Slash,ShadowCloneSkillAmount,None,0.043214,3,0.9,0.58,1.14,TRUE,Punk
Weapon_AlphaHeart,5,Weapon,DamagePerOwnedCardLevel,AnyContractBonusBoost,6.944,25,0.9,0.58,1.16,FALSE,AlphaHeart
Hat_ElderSnow,5,Hat,AllHelperDamage,HelperBoostSkillAmount,12.152,25,0.9,0.58,1.16,FALSE,ElderSnow
Suit_ShadowMagician,5,Suit,MultiMonstersGold,GoldAll,17.484,25,0.9,0.58,1.155,FALSE,ShadowMagician
Aura_MetallicLightning,5,Aura,TapDamage,CompanionAttackRate,10.416,25,0.9,0.58,1.16,FALSE,MetallicLightning
Slash_DOS,5,Slash,CannonDamage,HelperQTECount,1.5872,25,0.9,0.58,1.15,FALSE,DOS
Weapon_Lance,5,Weapon,DamagePerHelperWeapon,BurstDamageSkillAmount,6.944,25,0.9,0.58,1.16,FALSE,Lance
Weapon_Maple,5,Weapon,DamagePerClanScroll,GoldGunDamage,6.944,25,0.9,0.58,1.16,FALSE,Maple
Weapon_Pharaoh,5,Weapon,DamagePerManaCap,ForbiddenContractBonusDamage,6.944,25,0.9,0.58,1.16,FALSE,Pharaoh
Suit_Titania,5,Suit,FairyGold,LegacyPetGoldEffect,17.484,25,0.9,0.58,1.155,FALSE,Titania
Suit_Rosabella,5,Suit,RoyalContractBonusGold,UnskilledGold,17.484,25,0.9,0.58,1.155,FALSE,Rosabella
Suit_Jayce,5,Suit,MultiMonstersGold,AllGoldDuringHayst,17.484,25,0.9,0.58,1.155,FALSE,Jayce
Slash_Kronus,5,Slash,TwilightBoost,TwilightFairyStageSkip,1.0168,25,0.9,0.58,1.15,FALSE,Kronus
Aura_Sophia,5,Aura,CritDamage,DeadlyDamageCompanion,7.44,25,0.9,0.58,1.155,FALSE,Sophia
Aura_Damon,5,Aura,TapDamage,TapBoostSkillDuration,10.416,25,0.9,0.58,1.16,FALSE,Damon
Aura_Gulbrand,5,Aura,AllHelperDamage,HelperBoostCompanionAttackRate,12.152,25,0.9,0.58,1.16,FALSE,Gulbrand