BoardNumber,Rows,Columns,NumberOfTrinketsToSpawn,CompletionRewardString
0,5,5,3,"Diamonds:10,Equipment:3"
1,5,5,3,"Diamonds:10,Equipment:3"
2,5,5,3,"Diamonds:10,Equipment:3"
3,5,5,3,"Diamonds:10,Equipment:3"
4,5,5,3,"Diamonds:10,Equipment:3"
5,6,5,3,EquipmentShards:5
6,6,5,3,"Diamonds:10,Equipment:3"
7,6,5,3,"Diamonds:10,Equipment:3"
8,6,5,3,"Diamonds:10,Equipment:3"
9,6,5,3,SkillPoint:1
10,7,5,3,"Diamonds:10,Equipment:3"
11,7,5,3,"Diamonds:10,Equipment:3"
12,7,5,3,"Diamonds:10,Equipment:3"
13,7,5,3,"Diamonds:10,Equipment:3"
14,7,5,3,"Diamonds:10,Equipment:3"
15,8,6,3,RaidWildcard:10
16,8,6,3,"Diamonds:10,Equipment:3"
17,8,6,3,"Diamonds:10,Equipment:3"
18,8,6,3,"Diamonds:10,Equipment:3"
19,8,6,3,"Diamonds:10,Equipment:3"
20,9,6,3,"Diamonds:10,Equipment:3"
21,9,6,3,EquipmentShards:5
22,9,6,3,"Diamonds:10,Equipment:3"
23,9,6,3,"Diamonds:10,Equipment:3"
24,9,6,3,"Diamonds:10,Equipment:3"
25,10,6,3,SkillPoint:1
26,10,6,3,"Diamonds:10,Equipment:3"
27,10,6,3,"Diamonds:10,Equipment:3"
28,10,6,3,"Diamonds:10,Equipment:3"
29,10,6,3,"Diamonds:10,Equipment:3"
30,11,7,3,"Diamonds:10,Equipment:3"
31,11,7,3,RaidWildcard:10
32,11,7,3,"Diamonds:10,Equipment:3"
33,11,7,3,"Diamonds:10,Equipment:3"
34,11,7,3,"Diamonds:10,Equipment:3"
35,12,7,3,"Diamonds:10,Equipment:3"
36,12,7,3,"Diamonds:10,Equipment:3"
37,12,7,3,EquipmentShards:5
38,12,7,3,"Diamonds:10,Equipment:3"
39,12,7,3,"Diamonds:10,Equipment:3"
40,13,7,3,"Diamonds:10,Equipment:3"
41,13,7,3,SkillPoint:1
42,13,7,3,"Diamonds:10,Equipment:3"
43,13,7,3,"Diamonds:10,Equipment:3"
44,13,7,3,"Diamonds:10,Equipment:3"
45,14,8,3,"Diamonds:10,Equipment:3"
46,14,8,3,"Diamonds:10,Equipment:3"
47,14,8,3,RaidWildcard:10
48,14,8,3,"Diamonds:10,Equipment:3"
49,14,8,3,"Diamonds:10,Equipment:3"
50,14,8,4,"Diamonds:10,Equipment:3"
51,14,8,4,"Diamonds:10,Equipment:3"
52,14,8,4,"Diamonds:10,Equipment:3"
53,14,8,4,EquipmentShards:5
54,14,8,4,"Diamonds:10,Equipment:3"
55,14,8,4,"Diamonds:10,Equipment:3"
56,14,8,4,"Diamonds:10,Equipment:3"
57,14,8,4,SkillPoint:1
58,14,8,4,"Diamonds:10,Equipment:3"
59,14,8,4,"Diamonds:10,Equipment:3"
60,14,9,4,"Diamonds:10,Equipment:3"
61,14,9,4,"Diamonds:10,Equipment:3"
62,14,9,4,"Diamonds:10,Equipment:3"
63,14,9,4,RaidWildcard:10
64,14,9,4,"Diamonds:10,Equipment:3"
65,14,9,4,"Diamonds:10,Equipment:3"
66,14,9,4,"Diamonds:10,Equipment:3"
67,14,9,4,"Diamonds:10,Equipment:3"
68,14,9,4,"Diamonds:10,Equipment:3"
69,14,9,4,EquipmentShards:5
70,14,9,4,"Diamonds:10,Equipment:3"
71,14,9,4,"Diamonds:10,Equipment:3"
72,14,9,4,"Diamonds:10,Equipment:3"
73,14,9,4,SkillPoint:1
74,14,9,4,"Diamonds:10,Equipment:3"
75,14,10,4,"Diamonds:10,Equipment:3"
76,14,10,4,"Diamonds:10,Equipment:3"
77,14,10,4,"Diamonds:10,Equipment:3"
78,14,10,4,"Diamonds:10,Equipment:3"
79,14,10,4,RaidWildcard:10
80,14,10,4,"Diamonds:10,Equipment:3"
81,14,10,4,"Diamonds:10,Equipment:3"
82,14,10,4,"Diamonds:10,Equipment:3"
83,14,10,4,"Diamonds:10,Equipment:3"
84,14,10,4,"Diamonds:10,Equipment:3"
85,14,10,4,EquipmentShards:5
86,14,10,4,"Diamonds:10,Equipment:3"
87,14,10,4,"Diamonds:10,Equipment:3"
88,14,10,4,"Diamonds:10,Equipment:3"
89,14,10,4,SkillPoint:1
90,14,10,4,"Diamonds:10,Equipment:3"
91,14,10,4,"Diamonds:10,Equipment:3"
92,14,10,4,"Diamonds:10,Equipment:3"
93,14,10,4,"Diamonds:10,Equipment:3"
94,14,10,4,"Diamonds:10,Equipment:3"
95,14,10,4,RaidWildcard:10
96,14,10,4,"Diamonds:10,Equipment:3"
97,14,10,4,"Diamonds:10,Equipment:3"
98,14,10,4,"Diamonds:10,Equipment:3"
99,14,10,4,"Diamonds:10,Equipment:3"
100,14,10,5,"Diamonds:10,Equipment:3"
101,14,10,5,EquipmentShards:5
102,14,10,5,"Diamonds:10,Equipment:3"
103,14,10,5,"Diamonds:10,Equipment:3"
104,14,10,5,"Diamonds:10,Equipment:3"
105,14,10,5,SkillPoint:1
106,14,10,5,"Diamonds:10,Equipment:3"
107,14,10,5,"Diamonds:10,Equipment:3"
108,14,10,5,"Diamonds:10,Equipment:3"
109,14,10,5,"Diamonds:10,Equipment:3"
110,14,10,5,"Diamonds:10,Equipment:3"
111,14,10,5,RaidWildcard:10
112,14,10,5,"Diamonds:10,Equipment:3"
113,14,10,5,"Diamonds:10,Equipment:3"
114,14,10,5,"Diamonds:10,Equipment:3"
115,14,10,5,"Diamonds:10,Equipment:3"
116,14,10,5,"Diamonds:10,Equipment:3"
117,14,10,5,EquipmentShards:5
118,14,10,5,"Diamonds:10,Equipment:3"
119,14,10,5,"Diamonds:10,Equipment:3"
120,14,10,5,"Diamonds:10,Equipment:3"
121,14,10,5,SkillPoint:1
122,14,10,5,"Diamonds:10,Equipment:3"
123,14,10,5,"Diamonds:10,Equipment:3"
124,14,10,5,"Diamonds:10,Equipment:3"
125,14,10,5,"Diamonds:10,Equipment:3"
126,14,10,5,"Diamonds:10,Equipment:3"
127,14,10,5,RaidWildcard:10
128,14,10,5,"Diamonds:10,Equipment:3"
129,14,10,5,"Diamonds:10,Equipment:3"
130,14,10,5,"Diamonds:10,Equipment:3"
131,14,10,5,"Diamonds:10,Equipment:3"
132,14,10,5,"Diamonds:10,Equipment:3"
133,14,10,5,EquipmentShards:5
134,14,10,5,"Diamonds:10,Equipment:3"
135,14,10,5,"Diamonds:10,Equipment:3"
136,14,10,5,"Diamonds:10,Equipment:3"
137,14,10,5,SkillPoint:1
138,14,10,5,"Diamonds:10,Equipment:3"
139,14,10,5,"Diamonds:10,Equipment:3"
140,14,10,5,"Diamonds:10,Equipment:3"
141,14,10,5,"Diamonds:10,Equipment:3"
142,14,10,5,"Diamonds:10,Equipment:3"
143,14,10,5,RaidWildcard:10
144,14,10,5,"Diamonds:10,Equipment:3"
145,14,10,5,"Diamonds:10,Equipment:3"
146,14,10,5,"Diamonds:10,Equipment:3"
147,14,10,5,"Diamonds:10,Equipment:3"
148,14,10,5,"Diamonds:10,Equipment:3"
149,14,10,5,EquipmentShards:5
150,14,10,6,"Diamonds:10,Equipment:3"
151,14,10,6,"Diamonds:10,Equipment:3"
152,14,10,6,"Diamonds:10,Equipment:3"
153,14,10,6,SkillPoint:1
154,14,10,6,"Diamonds:10,Equipment:3"
155,14,10,6,"Diamonds:10,Equipment:3"
156,14,10,6,"Diamonds:10,Equipment:3"
157,14,10,6,"Diamonds:10,Equipment:3"
158,14,10,6,"Diamonds:10,Equipment:3"
159,14,10,6,RaidWildcard:10
160,14,10,6,"Diamonds:10,Equipment:3"
161,14,10,6,"Diamonds:10,Equipment:3"
162,14,10,6,"Diamonds:10,Equipment:3"
163,14,10,6,"Diamonds:10,Equipment:3"
164,14,10,6,"Diamonds:10,Equipment:3"
165,14,10,6,EquipmentShards:5
166,14,10,6,"Diamonds:10,Equipment:3"
167,14,10,6,"Diamonds:10,Equipment:3"
168,14,10,6,"Diamonds:10,Equipment:3"
169,14,10,6,SkillPoint:1
170,14,10,6,"Diamonds:10,Equipment:3"
171,14,10,6,"Diamonds:10,Equipment:3"
172,14,10,6,"Diamonds:10,Equipment:3"
173,14,10,6,"Diamonds:10,Equipment:3"
174,14,10,6,"Diamonds:10,Equipment:3"
175,14,10,6,RaidWildcard:10
176,14,10,6,"Diamonds:10,Equipment:3"
177,14,10,6,"Diamonds:10,Equipment:3"
178,14,10,6,"Diamonds:10,Equipment:3"
179,14,10,6,"Diamonds:10,Equipment:3"
180,14,10,6,"Diamonds:10,Equipment:3"
181,14,10,6,EquipmentShards:5
182,14,10,6,"Diamonds:10,Equipment:3"
183,14,10,6,"Diamonds:10,Equipment:3"
184,14,10,6,"Diamonds:10,Equipment:3"
185,14,10,6,SkillPoint:1
186,14,10,6,"Diamonds:10,Equipment:3"
187,14,10,6,"Diamonds:10,Equipment:3"
188,14,10,6,"Diamonds:10,Equipment:3"
189,14,10,6,"Diamonds:10,Equipment:3"
190,14,10,6,"Diamonds:10,Equipment:3"
191,14,10,6,RaidWildcard:10
192,14,10,6,"Diamonds:10,Equipment:3"
193,14,10,6,"Diamonds:10,Equipment:3"
194,14,10,6,"Diamonds:10,Equipment:3"
195,14,10,6,"Diamonds:10,Equipment:3"
196,14,10,6,"Diamonds:10,Equipment:3"
197,14,10,6,EquipmentShards:5
198,14,10,6,"Diamonds:10,Equipment:3"
199,14,10,6,"Diamonds:10,Equipment:3"
200,14,10,6,"Diamonds:10,Equipment:3"
201,14,10,6,SkillPoint:1
202,14,10,6,"Diamonds:10,Equipment:3"
203,14,10,6,"Diamonds:10,Equipment:3"
204,14,10,6,"Diamonds:10,Equipment:3"
205,14,10,6,"Diamonds:10,Equipment:3"
206,14,10,6,"Diamonds:10,Equipment:3"
207,14,10,6,RaidWildcard:10
208,14,10,6,"Diamonds:10,Equipment:3"
209,14,10,6,"Diamonds:10,Equipment:3"
210,14,10,6,"Diamonds:10,Equipment:3"
211,14,10,6,"Diamonds:10,Equipment:3"
212,14,10,6,"Diamonds:10,Equipment:3"
213,14,10,6,EquipmentShards:5
214,14,10,6,"Diamonds:10,Equipment:3"
215,14,10,6,"Diamonds:10,Equipment:3"
216,14,10,6,"Diamonds:10,Equipment:3"
217,14,10,6,SkillPoint:1
218,14,10,6,"Diamonds:10,Equipment:3"
219,14,10,6,"Diamonds:10,Equipment:3"
220,14,10,6,"Diamonds:10,Equipment:3"
221,14,10,6,"Diamonds:10,Equipment:3"
222,14,10,6,"Diamonds:10,Equipment:3"
223,14,10,6,RaidWildcard:10
224,14,10,6,"Diamonds:10,Equipment:3"
225,14,10,6,"Diamonds:10,Equipment:3"
226,14,10,6,"Diamonds:10,Equipment:3"
227,14,10,6,"Diamonds:10,Equipment:3"
228,14,10,6,"Diamonds:10,Equipment:3"
229,14,10,6,EquipmentShards:5
230,14,10,6,"Diamonds:10,Equipment:3"
231,14,10,6,"Diamonds:10,Equipment:3"
232,14,10,6,"Diamonds:10,Equipment:3"
233,14,10,6,SkillPoint:1
234,14,10,6,"Diamonds:10,Equipment:3"
235,14,10,6,"Diamonds:10,Equipment:3"
236,14,10,6,"Diamonds:10,Equipment:3"
237,14,10,6,"Diamonds:10,Equipment:3"
238,14,10,6,"Diamonds:10,Equipment:3"
239,14,10,6,RaidWildcard:10
240,14,10,6,"Diamonds:10,Equipment:3"
241,14,10,6,"Diamonds:10,Equipment:3"
242,14,10,6,"Diamonds:10,Equipment:3"
243,14,10,6,"Diamonds:10,Equipment:3"
244,14,10,6,"Diamonds:10,Equipment:3"
245,14,10,6,EquipmentShards:5
246,14,10,6,"Diamonds:10,Equipment:3"
247,14,10,6,"Diamonds:10,Equipment:3"
248,14,10,6,"Diamonds:10,Equipment:3"
249,14,10,6,SkillPoint:1
250,14,10,6,"Diamonds:10,Equipment:3"
251,14,10,6,"Diamonds:10,Equipment:3"
252,14,10,6,"Diamonds:10,Equipment:3"
253,14,10,6,"Diamonds:10,Equipment:3"
254,14,10,6,"Diamonds:10,Equipment:3"
255,14,10,6,RaidWildcard:10
256,14,10,6,"Diamonds:10,Equipment:3"
257,14,10,6,"Diamonds:10,Equipment:3"
258,14,10,6,"Diamonds:10,Equipment:3"
259,14,10,6,"Diamonds:10,Equipment:3"
260,14,10,6,"Diamonds:10,Equipment:3"
261,14,10,6,EquipmentShards:5
262,14,10,6,"Diamonds:10,Equipment:3"
263,14,10,6,"Diamonds:10,Equipment:3"
264,14,10,6,"Diamonds:10,Equipment:3"
265,14,10,6,SkillPoint:1
266,14,10,6,"Diamonds:10,Equipment:3"
267,14,10,6,"Diamonds:10,Equipment:3"
268,14,10,6,"Diamonds:10,Equipment:3"
269,14,10,6,"Diamonds:10,Equipment:3"
270,14,10,6,"Diamonds:10,Equipment:3"
271,14,10,6,RaidWildcard:10
272,14,10,6,"Diamonds:10,Equipment:3"
273,14,10,6,"Diamonds:10,Equipment:3"
274,14,10,6,"Diamonds:10,Equipment:3"
275,14,10,6,"Diamonds:10,Equipment:3"
276,14,10,6,"Diamonds:10,Equipment:3"
277,14,10,6,EquipmentShards:5
278,14,10,6,"Diamonds:10,Equipment:3"
279,14,10,6,"Diamonds:10,Equipment:3"
280,14,10,6,"Diamonds:10,Equipment:3"
281,14,10,6,SkillPoint:1
282,14,10,6,"Diamonds:10,Equipment:3"
283,14,10,6,"Diamonds:10,Equipment:3"
284,14,10,6,"Diamonds:10,Equipment:3"
285,14,10,6,"Diamonds:10,Equipment:3"
286,14,10,6,"Diamonds:10,Equipment:3"
287,14,10,6,RaidWildcard:10
288,14,10,6,"Diamonds:10,Equipment:3"
289,14,10,6,"Diamonds:10,Equipment:3"
290,14,10,6,"Diamonds:10,Equipment:3"
291,14,10,6,"Diamonds:10,Equipment:3"
292,14,10,6,"Diamonds:10,Equipment:3"
293,14,10,6,EquipmentShards:5
294,14,10,6,"Diamonds:10,Equipment:3"
295,14,10,6,"Diamonds:10,Equipment:3"
296,14,10,6,"Diamonds:10,Equipment:3"
297,14,10,6,SkillPoint:1
298,14,10,6,"Diamonds:10,Equipment:3"
299,14,10,6,"Diamonds:10,Equipment:3"
300,14,10,6,"Diamonds:10,Equipment:3"
301,14,10,6,"Diamonds:10,Equipment:3"
302,14,10,6,"Diamonds:10,Equipment:3"
303,14,10,6,RaidWildcard:10
304,14,10,6,"Diamonds:10,Equipment:3"
305,14,10,6,"Diamonds:10,Equipment:3"
306,14,10,6,"Diamonds:10,Equipment:3"
307,14,10,6,"Diamonds:10,Equipment:3"
308,14,10,6,"Diamonds:10,Equipment:3"
309,14,10,6,EquipmentShards:5
310,14,10,6,"Diamonds:10,Equipment:3"
311,14,10,6,"Diamonds:10,Equipment:3"
312,14,10,6,"Diamonds:10,Equipment:3"
313,14,10,6,SkillPoint:1
314,14,10,6,"Diamonds:10,Equipment:3"
315,14,10,6,"Diamonds:10,Equipment:3"
316,14,10,6,"Diamonds:10,Equipment:3"
317,14,10,6,"Diamonds:10,Equipment:3"
318,14,10,6,"Diamonds:10,Equipment:3"
319,14,10,6,RaidWildcard:10
320,14,10,6,"Diamonds:10,Equipment:3"
321,14,10,6,"Diamonds:10,Equipment:3"
322,14,10,6,"Diamonds:10,Equipment:3"
323,14,10,6,"Diamonds:10,Equipment:3"
324,14,10,6,"Diamonds:10,Equipment:3"
325,14,10,6,EquipmentShards:5
326,14,10,6,"Diamonds:10,Equipment:3"
327,14,10,6,"Diamonds:10,Equipment:3"
328,14,10,6,"Diamonds:10,Equipment:3"
329,14,10,6,SkillPoint:1
330,14,10,6,"Diamonds:10,Equipment:3"
331,14,10,6,"Diamonds:10,Equipment:3"
332,14,10,6,"Diamonds:10,Equipment:3"
333,14,10,6,"Diamonds:10,Equipment:3"
334,14,10,6,"Diamonds:10,Equipment:3"
335,14,10,6,RaidWildcard:10
336,14,10,6,"Diamonds:10,Equipment:3"
337,14,10,6,"Diamonds:10,Equipment:3"
338,14,10,6,"Diamonds:10,Equipment:3"
339,14,10,6,"Diamonds:10,Equipment:3"
340,14,10,6,"Diamonds:10,Equipment:3"
341,14,10,6,EquipmentShards:5
342,14,10,6,"Diamonds:10,Equipment:3"
343,14,10,6,"Diamonds:10,Equipment:3"
344,14,10,6,"Diamonds:10,Equipment:3"
345,14,10,6,SkillPoint:1
346,14,10,6,"Diamonds:10,Equipment:3"
347,14,10,6,"Diamonds:10,Equipment:3"
348,14,10,6,"Diamonds:10,Equipment:3"
349,14,10,6,"Diamonds:10,Equipment:3"
350,14,10,6,"Diamonds:10,Equipment:3"
351,14,10,6,RaidWildcard:10
352,14,10,6,"Diamonds:10,Equipment:3"
353,14,10,6,"Diamonds:10,Equipment:3"
354,14,10,6,"Diamonds:10,Equipment:3"
355,14,10,6,"Diamonds:10,Equipment:3"
356,14,10,6,"Diamonds:10,Equipment:3"
357,14,10,6,EquipmentShards:5
358,14,10,6,"Diamonds:10,Equipment:3"
359,14,10,6,"Diamonds:10,Equipment:3"
360,14,10,6,"Diamonds:10,Equipment:3"
361,14,10,6,SkillPoint:1
362,14,10,6,"Diamonds:10,Equipment:3"
363,14,10,6,"Diamonds:10,Equipment:3"
364,14,10,6,"Diamonds:10,Equipment:3"
365,14,10,6,"Diamonds:10,Equipment:3"
366,14,10,6,"Diamonds:10,Equipment:3"
367,14,10,6,RaidWildcard:10
368,14,10,6,"Diamonds:10,Equipment:3"
369,14,10,6,"Diamonds:10,Equipment:3"
370,14,10,6,"Diamonds:10,Equipment:3"
371,14,10,6,"Diamonds:10,Equipment:3"
372,14,10,6,"Diamonds:10,Equipment:3"
373,14,10,6,EquipmentShards:5
374,14,10,6,"Diamonds:10,Equipment:3"
375,14,10,6,"Diamonds:10,Equipment:3"
376,14,10,6,"Diamonds:10,Equipment:3"
377,14,10,6,SkillPoint:1
378,14,10,6,"Diamonds:10,Equipment:3"
379,14,10,6,"Diamonds:10,Equipment:3"
380,14,10,6,"Diamonds:10,Equipment:3"
381,14,10,6,"Diamonds:10,Equipment:3"
382,14,10,6,"Diamonds:10,Equipment:3"
383,14,10,6,RaidWildcard:10
384,14,10,6,"Diamonds:10,Equipment:3"
385,14,10,6,"Diamonds:10,Equipment:3"
386,14,10,6,"Diamonds:10,Equipment:3"
387,14,10,6,"Diamonds:10,Equipment:3"
388,14,10,6,"Diamonds:10,Equipment:3"
389,14,10,6,EquipmentShards:5
390,14,10,6,"Diamonds:10,Equipment:3"
391,14,10,6,"Diamonds:10,Equipment:3"
392,14,10,6,"Diamonds:10,Equipment:3"
393,14,10,6,SkillPoint:1
394,14,10,6,"Diamonds:10,Equipment:3"
395,14,10,6,"Diamonds:10,Equipment:3"
396,14,10,6,"Diamonds:10,Equipment:3"
397,14,10,6,"Diamonds:10,Equipment:3"
398,14,10,6,"Diamonds:10,Equipment:3"
399,14,10,6,RaidWildcard:10
400,14,10,6,"Diamonds:10,Equipment:3"
401,14,10,6,"Diamonds:10,Equipment:3"
402,14,10,6,"Diamonds:10,Equipment:3"
403,14,10,6,"Diamonds:10,Equipment:3"
404,14,10,6,"Diamonds:10,Equipment:3"
405,14,10,6,EquipmentShards:5
406,14,10,6,"Diamonds:10,Equipment:3"
407,14,10,6,"Diamonds:10,Equipment:3"
408,14,10,6,"Diamonds:10,Equipment:3"
409,14,10,6,SkillPoint:1
410,14,10,6,"Diamonds:10,Equipment:3"
411,14,10,6,"Diamonds:10,Equipment:3"
412,14,10,6,"Diamonds:10,Equipment:3"
413,14,10,6,"Diamonds:10,Equipment:3"
414,14,10,6,"Diamonds:10,Equipment:3"
415,14,10,6,RaidWildcard:10
416,14,10,6,"Diamonds:10,Equipment:3"
417,14,10,6,"Diamonds:10,Equipment:3"
418,14,10,6,"Diamonds:10,Equipment:3"
419,14,10,6,"Diamonds:10,Equipment:3"
420,14,10,6,"Diamonds:10,Equipment:3"
421,14,10,6,EquipmentShards:5
422,14,10,6,"Diamonds:10,Equipment:3"
423,14,10,6,"Diamonds:10,Equipment:3"
424,14,10,6,"Diamonds:10,Equipment:3"
425,14,10,6,SkillPoint:1
426,14,10,6,"Diamonds:10,Equipment:3"
427,14,10,6,"Diamonds:10,Equipment:3"
428,14,10,6,"Diamonds:10,Equipment:3"
429,14,10,6,"Diamonds:10,Equipment:3"
430,14,10,6,"Diamonds:10,Equipment:3"
431,14,10,6,RaidWildcard:10
432,14,10,6,"Diamonds:10,Equipment:3"
433,14,10,6,"Diamonds:10,Equipment:3"
434,14,10,6,"Diamonds:10,Equipment:3"
435,14,10,6,"Diamonds:10,Equipment:3"
436,14,10,6,"Diamonds:10,Equipment:3"
437,14,10,6,EquipmentShards:5
438,14,10,6,"Diamonds:10,Equipment:3"
439,14,10,6,"Diamonds:10,Equipment:3"
440,14,10,6,"Diamonds:10,Equipment:3"
441,14,10,6,SkillPoint:1
442,14,10,6,"Diamonds:10,Equipment:3"
443,14,10,6,"Diamonds:10,Equipment:3"
444,14,10,6,"Diamonds:10,Equipment:3"
445,14,10,6,"Diamonds:10,Equipment:3"
446,14,10,6,"Diamonds:10,Equipment:3"
447,14,10,6,RaidWildcard:10
448,14,10,6,"Diamonds:10,Equipment:3"
449,14,10,6,"Diamonds:10,Equipment:3"
450,14,10,6,"Diamonds:10,Equipment:3"
451,14,10,6,"Diamonds:10,Equipment:3"
452,14,10,6,"Diamonds:10,Equipment:3"
453,14,10,6,EquipmentShards:5
454,14,10,6,"Diamonds:10,Equipment:3"
455,14,10,6,"Diamonds:10,Equipment:3"
456,14,10,6,"Diamonds:10,Equipment:3"
457,14,10,6,SkillPoint:1
458,14,10,6,"Diamonds:10,Equipment:3"
459,14,10,6,"Diamonds:10,Equipment:3"
460,14,10,6,"Diamonds:10,Equipment:3"
461,14,10,6,"Diamonds:10,Equipment:3"
462,14,10,6,"Diamonds:10,Equipment:3"
463,14,10,6,RaidWildcard:10
464,14,10,6,"Diamonds:10,Equipment:3"
465,14,10,6,"Diamonds:10,Equipment:3"
466,14,10,6,"Diamonds:10,Equipment:3"
467,14,10,6,"Diamonds:10,Equipment:3"
468,14,10,6,"Diamonds:10,Equipment:3"
469,14,10,6,EquipmentShards:5
470,14,10,6,"Diamonds:10,Equipment:3"
471,14,10,6,"Diamonds:10,Equipment:3"
472,14,10,6,"Diamonds:10,Equipment:3"
473,14,10,6,SkillPoint:1
474,14,10,6,"Diamonds:10,Equipment:3"
475,14,10,6,"Diamonds:10,Equipment:3"
476,14,10,6,"Diamonds:10,Equipment:3"
477,14,10,6,"Diamonds:10,Equipment:3"
478,14,10,6,"Diamonds:10,Equipment:3"
479,14,10,6,RaidWildcard:10
480,14,10,6,"Diamonds:10,Equipment:3"
481,14,10,6,"Diamonds:10,Equipment:3"
482,14,10,6,"Diamonds:10,Equipment:3"
483,14,10,6,"Diamonds:10,Equipment:3"
484,14,10,6,"Diamonds:10,Equipment:3"
485,14,10,6,EquipmentShards:5
486,14,10,6,"Diamonds:10,Equipment:3"
487,14,10,6,"Diamonds:10,Equipment:3"
488,14,10,6,"Diamonds:10,Equipment:3"
489,14,10,6,SkillPoint:1
490,14,10,6,"Diamonds:10,Equipment:3"
491,14,10,6,"Diamonds:10,Equipment:3"
492,14,10,6,"Diamonds:10,Equipment:3"
493,14,10,6,"Diamonds:10,Equipment:3"
494,14,10,6,"Diamonds:10,Equipment:3"
495,14,10,6,RaidWildcard:10
496,14,10,6,"Diamonds:10,Equipment:3"
497,14,10,6,"Diamonds:10,Equipment:3"
498,14,10,6,"Diamonds:10,Equipment:3"
499,14,10,6,"Diamonds:10,Equipment:3"
500,14,10,6,"Diamonds:10,Equipment:3"
501,14,10,6,EquipmentShards:5
502,14,10,6,"Diamonds:10,Equipment:3"
503,14,10,6,"Diamonds:10,Equipment:3"
504,14,10,6,"Diamonds:10,Equipment:3"
505,14,10,6,SkillPoint:1
506,14,10,6,"Diamonds:10,Equipment:3"
507,14,10,6,"Diamonds:10,Equipment:3"
508,14,10,6,"Diamonds:10,Equipment:3"
509,14,10,6,"Diamonds:10,Equipment:3"
510,14,10,6,"Diamonds:10,Equipment:3"
511,14,10,6,RaidWildcard:10
512,14,10,6,"Diamonds:10,Equipment:3"
513,14,10,6,"Diamonds:10,Equipment:3"
514,14,10,6,"Diamonds:10,Equipment:3"
515,14,10,6,"Diamonds:10,Equipment:3"
516,14,10,6,"Diamonds:10,Equipment:3"
517,14,10,6,EquipmentShards:5
518,14,10,6,"Diamonds:10,Equipment:3"
519,14,10,6,"Diamonds:10,Equipment:3"
520,14,10,6,"Diamonds:10,Equipment:3"
521,14,10,6,SkillPoint:1
522,14,10,6,"Diamonds:10,Equipment:3"
523,14,10,6,"Diamonds:10,Equipment:3"
524,14,10,6,"Diamonds:10,Equipment:3"
525,14,10,6,"Diamonds:10,Equipment:3"
526,14,10,6,"Diamonds:10,Equipment:3"
527,14,10,6,RaidWildcard:10
528,14,10,6,"Diamonds:10,Equipment:3"
529,14,10,6,"Diamonds:10,Equipment:3"
530,14,10,6,"Diamonds:10,Equipment:3"
531,14,10,6,"Diamonds:10,Equipment:3"
532,14,10,6,"Diamonds:10,Equipment:3"
533,14,10,6,EquipmentShards:5
534,14,10,6,"Diamonds:10,Equipment:3"
535,14,10,6,"Diamonds:10,Equipment:3"
536,14,10,6,"Diamonds:10,Equipment:3"
537,14,10,6,SkillPoint:1
538,14,10,6,"Diamonds:10,Equipment:3"
539,14,10,6,"Diamonds:10,Equipment:3"
540,14,10,6,"Diamonds:10,Equipment:3"
541,14,10,6,"Diamonds:10,Equipment:3"
542,14,10,6,"Diamonds:10,Equipment:3"
543,14,10,6,RaidWildcard:10
544,14,10,6,"Diamonds:10,Equipment:3"
545,14,10,6,"Diamonds:10,Equipment:3"
546,14,10,6,"Diamonds:10,Equipment:3"
547,14,10,6,"Diamonds:10,Equipment:3"
548,14,10,6,"Diamonds:10,Equipment:3"
549,14,10,6,EquipmentShards:5
550,14,10,6,"Diamonds:10,Equipment:3"
551,14,10,6,"Diamonds:10,Equipment:3"
552,14,10,6,"Diamonds:10,Equipment:3"
553,14,10,6,SkillPoint:1
554,14,10,6,"Diamonds:10,Equipment:3"
555,14,10,6,"Diamonds:10,Equipment:3"
556,14,10,6,"Diamonds:10,Equipment:3"
557,14,10,6,"Diamonds:10,Equipment:3"
558,14,10,6,"Diamonds:10,Equipment:3"
559,14,10,6,RaidWildcard:10
560,14,10,6,"Diamonds:10,Equipment:3"
561,14,10,6,"Diamonds:10,Equipment:3"
562,14,10,6,"Diamonds:10,Equipment:3"
563,14,10,6,"Diamonds:10,Equipment:3"
564,14,10,6,"Diamonds:10,Equipment:3"
565,14,10,6,EquipmentShards:5
566,14,10,6,"Diamonds:10,Equipment:3"
567,14,10,6,"Diamonds:10,Equipment:3"
568,14,10,6,"Diamonds:10,Equipment:3"
569,14,10,6,SkillPoint:1
570,14,10,6,"Diamonds:10,Equipment:3"
571,14,10,6,"Diamonds:10,Equipment:3"
572,14,10,6,"Diamonds:10,Equipment:3"
573,14,10,6,"Diamonds:10,Equipment:3"
574,14,10,6,"Diamonds:10,Equipment:3"
575,14,10,6,RaidWildcard:10
576,14,10,6,"Diamonds:10,Equipment:3"
577,14,10,6,"Diamonds:10,Equipment:3"
578,14,10,6,"Diamonds:10,Equipment:3"
579,14,10,6,"Diamonds:10,Equipment:3"
580,14,10,6,"Diamonds:10,Equipment:3"
581,14,10,6,EquipmentShards:5
582,14,10,6,"Diamonds:10,Equipment:3"
583,14,10,6,"Diamonds:10,Equipment:3"
584,14,10,6,"Diamonds:10,Equipment:3"
585,14,10,6,SkillPoint:1
586,14,10,6,"Diamonds:10,Equipment:3"
587,14,10,6,"Diamonds:10,Equipment:3"
588,14,10,6,"Diamonds:10,Equipment:3"
589,14,10,6,"Diamonds:10,Equipment:3"
590,14,10,6,"Diamonds:10,Equipment:3"
591,14,10,6,RaidWildcard:10
592,14,10,6,"Diamonds:10,Equipment:3"
593,14,10,6,"Diamonds:10,Equipment:3"
594,14,10,6,"Diamonds:10,Equipment:3"
595,14,10,6,"Diamonds:10,Equipment:3"
596,14,10,6,"Diamonds:10,Equipment:3"
597,14,10,6,EquipmentShards:5
598,14,10,6,"Diamonds:10,Equipment:3"
599,14,10,6,"Diamonds:10,Equipment:3"
600,14,10,6,"Diamonds:10,Equipment:3"
601,14,10,6,SkillPoint:1
602,14,10,6,"Diamonds:10,Equipment:3"
603,14,10,6,"Diamonds:10,Equipment:3"
604,14,10,6,"Diamonds:10,Equipment:3"
605,14,10,6,"Diamonds:10,Equipment:3"
606,14,10,6,"Diamonds:10,Equipment:3"
607,14,10,6,RaidWildcard:10
608,14,10,6,"Diamonds:10,Equipment:3"
609,14,10,6,"Diamonds:10,Equipment:3"
610,14,10,6,"Diamonds:10,Equipment:3"
611,14,10,6,"Diamonds:10,Equipment:3"
612,14,10,6,"Diamonds:10,Equipment:3"
613,14,10,6,EquipmentShards:5
614,14,10,6,"Diamonds:10,Equipment:3"
615,14,10,6,"Diamonds:10,Equipment:3"
616,14,10,6,"Diamonds:10,Equipment:3"
617,14,10,6,SkillPoint:1
618,14,10,6,"Diamonds:10,Equipment:3"
619,14,10,6,"Diamonds:10,Equipment:3"
620,14,10,6,"Diamonds:10,Equipment:3"
621,14,10,6,"Diamonds:10,Equipment:3"
622,14,10,6,"Diamonds:10,Equipment:3"
623,14,10,6,RaidWildcard:10
624,14,10,6,"Diamonds:10,Equipment:3"
625,14,10,6,"Diamonds:10,Equipment:3"
626,14,10,6,"Diamonds:10,Equipment:3"
627,14,10,6,"Diamonds:10,Equipment:3"
628,14,10,6,"Diamonds:10,Equipment:3"
629,14,10,6,EquipmentShards:5
630,14,10,6,"Diamonds:10,Equipment:3"
631,14,10,6,"Diamonds:10,Equipment:3"
632,14,10,6,"Diamonds:10,Equipment:3"
633,14,10,6,SkillPoint:1
634,14,10,6,"Diamonds:10,Equipment:3"
635,14,10,6,"Diamonds:10,Equipment:3"
636,14,10,6,"Diamonds:10,Equipment:3"
637,14,10,6,"Diamonds:10,Equipment:3"
638,14,10,6,"Diamonds:10,Equipment:3"
639,14,10,6,RaidWildcard:10
640,14,10,6,"Diamonds:10,Equipment:3"
641,14,10,6,"Diamonds:10,Equipment:3"
642,14,10,6,"Diamonds:10,Equipment:3"
643,14,10,6,"Diamonds:10,Equipment:3"
644,14,10,6,"Diamonds:10,Equipment:3"
645,14,10,6,EquipmentShards:5
646,14,10,6,"Diamonds:10,Equipment:3"
647,14,10,6,"Diamonds:10,Equipment:3"
648,14,10,6,"Diamonds:10,Equipment:3"
649,14,10,6,SkillPoint:1
650,14,10,6,"Diamonds:10,Equipment:3"
651,14,10,6,"Diamonds:10,Equipment:3"
652,14,10,6,"Diamonds:10,Equipment:3"
653,14,10,6,"Diamonds:10,Equipment:3"
654,14,10,6,"Diamonds:10,Equipment:3"
655,14,10,6,RaidWildcard:10
656,14,10,6,"Diamonds:10,Equipment:3"
657,14,10,6,"Diamonds:10,Equipment:3"
658,14,10,6,"Diamonds:10,Equipment:3"
659,14,10,6,"Diamonds:10,Equipment:3"
660,14,10,6,"Diamonds:10,Equipment:3"
661,14,10,6,EquipmentShards:5
662,14,10,6,"Diamonds:10,Equipment:3"
663,14,10,6,"Diamonds:10,Equipment:3"
664,14,10,6,"Diamonds:10,Equipment:3"
665,14,10,6,SkillPoint:1
666,14,10,6,"Diamonds:10,Equipment:3"
667,14,10,6,"Diamonds:10,Equipment:3"
668,14,10,6,"Diamonds:10,Equipment:3"
669,14,10,6,"Diamonds:10,Equipment:3"
670,14,10,6,"Diamonds:10,Equipment:3"
671,14,10,6,RaidWildcard:10
672,14,10,6,"Diamonds:10,Equipment:3"
673,14,10,6,"Diamonds:10,Equipment:3"
674,14,10,6,"Diamonds:10,Equipment:3"
675,14,10,6,"Diamonds:10,Equipment:3"
676,14,10,6,"Diamonds:10,Equipment:3"
677,14,10,6,EquipmentShards:5
678,14,10,6,"Diamonds:10,Equipment:3"
679,14,10,6,"Diamonds:10,Equipment:3"
680,14,10,6,"Diamonds:10,Equipment:3"
681,14,10,6,SkillPoint:1
682,14,10,6,"Diamonds:10,Equipment:3"
683,14,10,6,"Diamonds:10,Equipment:3"
684,14,10,6,"Diamonds:10,Equipment:3"
685,14,10,6,"Diamonds:10,Equipment:3"
686,14,10,6,"Diamonds:10,Equipment:3"
687,14,10,6,RaidWildcard:10
688,14,10,6,"Diamonds:10,Equipment:3"
689,14,10,6,"Diamonds:10,Equipment:3"
690,14,10,6,"Diamonds:10,Equipment:3"
691,14,10,6,"Diamonds:10,Equipment:3"
692,14,10,6,"Diamonds:10,Equipment:3"
693,14,10,6,EquipmentShards:5
694,14,10,6,"Diamonds:10,Equipment:3"
695,14,10,6,"Diamonds:10,Equipment:3"
696,14,10,6,"Diamonds:10,Equipment:3"
697,14,10,6,SkillPoint:1
698,14,10,6,"Diamonds:10,Equipment:3"
699,14,10,6,"Diamonds:10,Equipment:3"
700,14,10,6,"Diamonds:10,Equipment:3"
701,14,10,6,"Diamonds:10,Equipment:3"
702,14,10,6,"Diamonds:10,Equipment:3"
703,14,10,6,RaidWildcard:10
704,14,10,6,"Diamonds:10,Equipment:3"
705,14,10,6,"Diamonds:10,Equipment:3"
706,14,10,6,"Diamonds:10,Equipment:3"
707,14,10,6,"Diamonds:10,Equipment:3"
708,14,10,6,"Diamonds:10,Equipment:3"
709,14,10,6,EquipmentShards:5
710,14,10,6,"Diamonds:10,Equipment:3"
711,14,10,6,"Diamonds:10,Equipment:3"
712,14,10,6,"Diamonds:10,Equipment:3"
713,14,10,6,SkillPoint:1
714,14,10,6,"Diamonds:10,Equipment:3"
715,14,10,6,"Diamonds:10,Equipment:3"
716,14,10,6,"Diamonds:10,Equipment:3"
717,14,10,6,"Diamonds:10,Equipment:3"
718,14,10,6,"Diamonds:10,Equipment:3"
719,14,10,6,RaidWildcard:10
720,14,10,6,"Diamonds:10,Equipment:3"
721,14,10,6,"Diamonds:10,Equipment:3"
722,14,10,6,"Diamonds:10,Equipment:3"
723,14,10,6,"Diamonds:10,Equipment:3"
724,14,10,6,"Diamonds:10,Equipment:3"
725,14,10,6,EquipmentShards:5
726,14,10,6,"Diamonds:10,Equipment:3"
727,14,10,6,"Diamonds:10,Equipment:3"
728,14,10,6,"Diamonds:10,Equipment:3"
729,14,10,6,SkillPoint:1
730,14,10,6,"Diamonds:10,Equipment:3"
731,14,10,6,"Diamonds:10,Equipment:3"
732,14,10,6,"Diamonds:10,Equipment:3"
733,14,10,6,"Diamonds:10,Equipment:3"
734,14,10,6,"Diamonds:10,Equipment:3"
735,14,10,6,RaidWildcard:10
736,14,10,6,"Diamonds:10,Equipment:3"
737,14,10,6,"Diamonds:10,Equipment:3"
738,14,10,6,"Diamonds:10,Equipment:3"
739,14,10,6,"Diamonds:10,Equipment:3"
740,14,10,6,"Diamonds:10,Equipment:3"
741,14,10,6,EquipmentShards:5
742,14,10,6,"Diamonds:10,Equipment:3"
743,14,10,6,"Diamonds:10,Equipment:3"
744,14,10,6,"Diamonds:10,Equipment:3"
745,14,10,6,SkillPoint:1
746,14,10,6,"Diamonds:10,Equipment:3"
747,14,10,6,"Diamonds:10,Equipment:3"
748,14,10,6,"Diamonds:10,Equipment:3"
749,14,10,6,"Diamonds:10,Equipment:3"
750,14,10,6,"Diamonds:10,Equipment:3"
751,14,10,6,RaidWildcard:10
752,14,10,6,"Diamonds:10,Equipment:3"
753,14,10,6,"Diamonds:10,Equipment:3"
754,14,10,6,"Diamonds:10,Equipment:3"
755,14,10,6,"Diamonds:10,Equipment:3"
756,14,10,6,"Diamonds:10,Equipment:3"
757,14,10,6,EquipmentShards:5
758,14,10,6,"Diamonds:10,Equipment:3"
759,14,10,6,"Diamonds:10,Equipment:3"
760,14,10,6,"Diamonds:10,Equipment:3"
761,14,10,6,SkillPoint:1
762,14,10,6,"Diamonds:10,Equipment:3"
763,14,10,6,"Diamonds:10,Equipment:3"
764,14,10,6,"Diamonds:10,Equipment:3"
765,14,10,6,"Diamonds:10,Equipment:3"
766,14,10,6,"Diamonds:10,Equipment:3"
767,14,10,6,RaidWildcard:10
768,14,10,6,"Diamonds:10,Equipment:3"
769,14,10,6,"Diamonds:10,Equipment:3"
770,14,10,6,"Diamonds:10,Equipment:3"
771,14,10,6,"Diamonds:10,Equipment:3"
772,14,10,6,"Diamonds:10,Equipment:3"
773,14,10,6,EquipmentShards:5
774,14,10,6,"Diamonds:10,Equipment:3"
775,14,10,6,"Diamonds:10,Equipment:3"
776,14,10,6,"Diamonds:10,Equipment:3"
777,14,10,6,SkillPoint:1
778,14,10,6,"Diamonds:10,Equipment:3"
779,14,10,6,"Diamonds:10,Equipment:3"
780,14,10,6,"Diamonds:10,Equipment:3"
781,14,10,6,"Diamonds:10,Equipment:3"
782,14,10,6,"Diamonds:10,Equipment:3"
783,14,10,6,RaidWildcard:10
784,14,10,6,"Diamonds:10,Equipment:3"
785,14,10,6,"Diamonds:10,Equipment:3"
786,14,10,6,"Diamonds:10,Equipment:3"
787,14,10,6,"Diamonds:10,Equipment:3"
788,14,10,6,"Diamonds:10,Equipment:3"
789,14,10,6,EquipmentShards:5
790,14,10,6,"Diamonds:10,Equipment:3"
791,14,10,6,"Diamonds:10,Equipment:3"
792,14,10,6,"Diamonds:10,Equipment:3"
793,14,10,6,SkillPoint:1
794,14,10,6,"Diamonds:10,Equipment:3"
795,14,10,6,"Diamonds:10,Equipment:3"
796,14,10,6,"Diamonds:10,Equipment:3"
797,14,10,6,"Diamonds:10,Equipment:3"
798,14,10,6,"Diamonds:10,Equipment:3"
799,14,10,6,RaidWildcard:10
800,14,10,6,"Diamonds:10,Equipment:3"
801,14,10,6,"Diamonds:10,Equipment:3"
802,14,10,6,"Diamonds:10,Equipment:3"
803,14,10,6,"Diamonds:10,Equipment:3"
804,14,10,6,"Diamonds:10,Equipment:3"
805,14,10,6,EquipmentShards:5
806,14,10,6,"Diamonds:10,Equipment:3"
807,14,10,6,"Diamonds:10,Equipment:3"
808,14,10,6,"Diamonds:10,Equipment:3"
809,14,10,6,SkillPoint:1
810,14,10,6,"Diamonds:10,Equipment:3"
811,14,10,6,"Diamonds:10,Equipment:3"
812,14,10,6,"Diamonds:10,Equipment:3"
813,14,10,6,"Diamonds:10,Equipment:3"
814,14,10,6,"Diamonds:10,Equipment:3"
815,14,10,6,RaidWildcard:10
816,14,10,6,"Diamonds:10,Equipment:3"
817,14,10,6,"Diamonds:10,Equipment:3"
818,14,10,6,"Diamonds:10,Equipment:3"
819,14,10,6,"Diamonds:10,Equipment:3"
820,14,10,6,"Diamonds:10,Equipment:3"
821,14,10,6,EquipmentShards:5
822,14,10,6,"Diamonds:10,Equipment:3"
823,14,10,6,"Diamonds:10,Equipment:3"
824,14,10,6,"Diamonds:10,Equipment:3"
825,14,10,6,SkillPoint:1
826,14,10,6,"Diamonds:10,Equipment:3"
827,14,10,6,"Diamonds:10,Equipment:3"
828,14,10,6,"Diamonds:10,Equipment:3"
829,14,10,6,"Diamonds:10,Equipment:3"
830,14,10,6,"Diamonds:10,Equipment:3"
831,14,10,6,RaidWildcard:10
832,14,10,6,"Diamonds:10,Equipment:3"
833,14,10,6,"Diamonds:10,Equipment:3"
834,14,10,6,"Diamonds:10,Equipment:3"
835,14,10,6,"Diamonds:10,Equipment:3"
836,14,10,6,"Diamonds:10,Equipment:3"
837,14,10,6,EquipmentShards:5
838,14,10,6,"Diamonds:10,Equipment:3"
839,14,10,6,"Diamonds:10,Equipment:3"
840,14,10,6,"Diamonds:10,Equipment:3"
841,14,10,6,SkillPoint:1
842,14,10,6,"Diamonds:10,Equipment:3"
843,14,10,6,"Diamonds:10,Equipment:3"
844,14,10,6,"Diamonds:10,Equipment:3"
845,14,10,6,"Diamonds:10,Equipment:3"
846,14,10,6,"Diamonds:10,Equipment:3"
847,14,10,6,RaidWildcard:10
848,14,10,6,"Diamonds:10,Equipment:3"
849,14,10,6,"Diamonds:10,Equipment:3"
850,14,10,6,"Diamonds:10,Equipment:3"
851,14,10,6,"Diamonds:10,Equipment:3"
852,14,10,6,"Diamonds:10,Equipment:3"
853,14,10,6,EquipmentShards:5
854,14,10,6,"Diamonds:10,Equipment:3"
855,14,10,6,"Diamonds:10,Equipment:3"
856,14,10,6,"Diamonds:10,Equipment:3"
857,14,10,6,SkillPoint:1
858,14,10,6,"Diamonds:10,Equipment:3"
859,14,10,6,"Diamonds:10,Equipment:3"
860,14,10,6,"Diamonds:10,Equipment:3"
861,14,10,6,"Diamonds:10,Equipment:3"
862,14,10,6,"Diamonds:10,Equipment:3"
863,14,10,6,RaidWildcard:10
864,14,10,6,"Diamonds:10,Equipment:3"
865,14,10,6,"Diamonds:10,Equipment:3"
866,14,10,6,"Diamonds:10,Equipment:3"
867,14,10,6,"Diamonds:10,Equipment:3"
868,14,10,6,"Diamonds:10,Equipment:3"
869,14,10,6,EquipmentShards:5
870,14,10,6,"Diamonds:10,Equipment:3"
871,14,10,6,"Diamonds:10,Equipment:3"
872,14,10,6,"Diamonds:10,Equipment:3"
873,14,10,6,SkillPoint:1
874,14,10,6,"Diamonds:10,Equipment:3"
875,14,10,6,"Diamonds:10,Equipment:3"
876,14,10,6,"Diamonds:10,Equipment:3"
877,14,10,6,"Diamonds:10,Equipment:3"
878,14,10,6,"Diamonds:10,Equipment:3"
879,14,10,6,RaidWildcard:10
880,14,10,6,"Diamonds:10,Equipment:3"
881,14,10,6,"Diamonds:10,Equipment:3"
882,14,10,6,"Diamonds:10,Equipment:3"
883,14,10,6,"Diamonds:10,Equipment:3"
884,14,10,6,"Diamonds:10,Equipment:3"
885,14,10,6,EquipmentShards:5
886,14,10,6,"Diamonds:10,Equipment:3"
887,14,10,6,"Diamonds:10,Equipment:3"
888,14,10,6,"Diamonds:10,Equipment:3"
889,14,10,6,SkillPoint:1
890,14,10,6,"Diamonds:10,Equipment:3"
891,14,10,6,"Diamonds:10,Equipment:3"
892,14,10,6,"Diamonds:10,Equipment:3"
893,14,10,6,"Diamonds:10,Equipment:3"
894,14,10,6,"Diamonds:10,Equipment:3"
895,14,10,6,RaidWildcard:10
896,14,10,6,"Diamonds:10,Equipment:3"
897,14,10,6,"Diamonds:10,Equipment:3"
898,14,10,6,"Diamonds:10,Equipment:3"
899,14,10,6,"Diamonds:10,Equipment:3"
900,14,10,6,"Diamonds:10,Equipment:3"
901,14,10,6,EquipmentShards:5
902,14,10,6,"Diamonds:10,Equipment:3"
903,14,10,6,"Diamonds:10,Equipment:3"
904,14,10,6,"Diamonds:10,Equipment:3"
905,14,10,6,SkillPoint:1
906,14,10,6,"Diamonds:10,Equipment:3"
907,14,10,6,"Diamonds:10,Equipment:3"
908,14,10,6,"Diamonds:10,Equipment:3"
909,14,10,6,"Diamonds:10,Equipment:3"
910,14,10,6,"Diamonds:10,Equipment:3"
911,14,10,6,RaidWildcard:10
912,14,10,6,"Diamonds:10,Equipment:3"
913,14,10,6,"Diamonds:10,Equipment:3"
914,14,10,6,"Diamonds:10,Equipment:3"
915,14,10,6,"Diamonds:10,Equipment:3"
916,14,10,6,"Diamonds:10,Equipment:3"
917,14,10,6,EquipmentShards:5
918,14,10,6,"Diamonds:10,Equipment:3"
919,14,10,6,"Diamonds:10,Equipment:3"
920,14,10,6,"Diamonds:10,Equipment:3"
921,14,10,6,SkillPoint:1
922,14,10,6,"Diamonds:10,Equipment:3"
923,14,10,6,"Diamonds:10,Equipment:3"
924,14,10,6,"Diamonds:10,Equipment:3"
925,14,10,6,"Diamonds:10,Equipment:3"
926,14,10,6,"Diamonds:10,Equipment:3"
927,14,10,6,RaidWildcard:10
928,14,10,6,"Diamonds:10,Equipment:3"
929,14,10,6,"Diamonds:10,Equipment:3"
930,14,10,6,"Diamonds:10,Equipment:3"
931,14,10,6,"Diamonds:10,Equipment:3"
932,14,10,6,"Diamonds:10,Equipment:3"
933,14,10,6,EquipmentShards:5
934,14,10,6,"Diamonds:10,Equipment:3"
935,14,10,6,"Diamonds:10,Equipment:3"
936,14,10,6,"Diamonds:10,Equipment:3"
937,14,10,6,SkillPoint:1
938,14,10,6,"Diamonds:10,Equipment:3"
939,14,10,6,"Diamonds:10,Equipment:3"
940,14,10,6,"Diamonds:10,Equipment:3"
941,14,10,6,"Diamonds:10,Equipment:3"
942,14,10,6,"Diamonds:10,Equipment:3"
943,14,10,6,RaidWildcard:10
944,14,10,6,"Diamonds:10,Equipment:3"
945,14,10,6,"Diamonds:10,Equipment:3"
946,14,10,6,"Diamonds:10,Equipment:3"
947,14,10,6,"Diamonds:10,Equipment:3"
948,14,10,6,"Diamonds:10,Equipment:3"
949,14,10,6,EquipmentShards:5
950,14,10,6,"Diamonds:10,Equipment:3"
951,14,10,6,"Diamonds:10,Equipment:3"
952,14,10,6,"Diamonds:10,Equipment:3"
953,14,10,6,SkillPoint:1
954,14,10,6,"Diamonds:10,Equipment:3"
955,14,10,6,"Diamonds:10,Equipment:3"
956,14,10,6,"Diamonds:10,Equipment:3"
957,14,10,6,"Diamonds:10,Equipment:3"
958,14,10,6,"Diamonds:10,Equipment:3"
959,14,10,6,RaidWildcard:10
960,14,10,6,"Diamonds:10,Equipment:3"
961,14,10,6,"Diamonds:10,Equipment:3"
962,14,10,6,"Diamonds:10,Equipment:3"
963,14,10,6,"Diamonds:10,Equipment:3"
964,14,10,6,"Diamonds:10,Equipment:3"
965,14,10,6,EquipmentShards:5
966,14,10,6,"Diamonds:10,Equipment:3"
967,14,10,6,"Diamonds:10,Equipment:3"
968,14,10,6,"Diamonds:10,Equipment:3"
969,14,10,6,SkillPoint:1
970,14,10,6,"Diamonds:10,Equipment:3"
971,14,10,6,"Diamonds:10,Equipment:3"
972,14,10,6,"Diamonds:10,Equipment:3"
973,14,10,6,"Diamonds:10,Equipment:3"
974,14,10,6,"Diamonds:10,Equipment:3"
975,14,10,6,RaidWildcard:10
976,14,10,6,"Diamonds:10,Equipment:3"
977,14,10,6,"Diamonds:10,Equipment:3"
978,14,10,6,"Diamonds:10,Equipment:3"
979,14,10,6,"Diamonds:10,Equipment:3"
980,14,10,6,"Diamonds:10,Equipment:3"
981,14,10,6,EquipmentShards:5
982,14,10,6,"Diamonds:10,Equipment:3"
983,14,10,6,"Diamonds:10,Equipment:3"
984,14,10,6,"Diamonds:10,Equipment:3"
985,14,10,6,SkillPoint:1
986,14,10,6,"Diamonds:10,Equipment:3"
987,14,10,6,"Diamonds:10,Equipment:3"
988,14,10,6,"Diamonds:10,Equipment:3"
989,14,10,6,"Diamonds:10,Equipment:3"
990,14,10,6,"Diamonds:10,Equipment:3"
991,14,10,6,RaidWildcard:10
992,14,10,6,"Diamonds:10,Equipment:3"
993,14,10,6,"Diamonds:10,Equipment:3"
994,14,10,6,"Diamonds:10,Equipment:3"
995,14,10,6,EquipmentShards:5
996,14,10,6,"Diamonds:10,Equipment:3"
997,14,10,6,"Diamonds:10,Equipment:3"
998,14,10,6,"Diamonds:10,Equipment:3"
999,14,10,6,SkillPoint:1