TalentID,Class,Branch,Slot,SPReq,TalentReq,TierNum,Tier,Name,Note,MaxLevel,S0,S1,S2,S3,S4,S5,S6,S7,S8,S9,S10,S11,S12,S13,S14,S15,S16,S17,S18,S19,S20,S21,S22,S23,S24,S25,S26,S27,S28,S29,S30,S31,S32,S33,S34,S35,Co0,Co1,Co2,Co3,Co4,Co5,Co6,Co7,Co8,Co9,Co10,Co11,Co12,Co13,Co14,Co15,Co16,Co17,Co18,Co19,Co20,Co21,Co22,Co23,Co24,Co25,Co26,Co27,Co28,Co29,Co30,Co31,Co32,Co33,Co34,Co35,BonusTypeA,A0,A1,A2,A3,A4,A5,A6,A7,A8,A9,A10,A11,A12,A13,A14,A15,A16,A17,A18,A19,A20,A21,A22,A23,A24,A25,A26,A27,A28,A29,A30,A31,A32,A33,A34,A35,BonusTypeB,B0,B1,B2,B3,B4,B5,B6,B7,B8,B9,B10,B11,B12,B13,B14,B15,B16,B17,B18,B19,B20,B21,B22,B23,B24,B25,B26,B27,B28,B29,B30,B31,B32,B33,B34,B35,BonusTypeC,C0,C1,C2,C3,C4,C5,C6,C7,C8,C9,C10,C11,C12,C13,C14,C15,C16,C17,C18,C19,C20,C21,C22,C23,C24,C25,C26,C27,C28,C29,C30,C31,C32,C33,C34,C35,BonusTypeD,BonusAmountD
TapDmg,Knight,BranchRed,0,0,None,1,I,Knight's Valor,Increased tap damage,35,0,0,0,0,0,0,0,0,0,0,0,0,0,0,0,0,0,0,0,0,0,0,0,0,0,0,0,0,0,0,0,0,0,0,0,-,1,2,3,5,6,7,8,9,10,11,12,13,14,15,16,17,18,19,20,21,22,23,24,25,26,27,28,29,30,41,56,62,69,76,85,-,TapDamage,0.00E+00,1.20E+00,1.72E+00,2.64E+00,5.02E+00,1.02E+01,2.24E+01,5.29E+01,1.34E+02,3.63E+02,1.05E+03,3.26E+03,1.08E+04,3.81E+04,1.43E+05,5.73E+05,2.43E+06,1.10E+07,5.25E+07,2.67E+08,1.43E+09,8.14E+09,4.90E+10,3.11E+11,2.09E+12,1.48E+13,1.11E+14,8.75E+14,7.28E+15,6.37E+16,1.20E+18,6.25E+19,4.67E+21,5.29E+23,8.97E+25,2.57E+28,None,-,-,-,-,-,-,-,-,-,-,-,-,-,-,-,-,-,-,-,-,-,-,-,-,-,-,-,-,-,-,-,-,-,-,-,-,None,-,-,-,-,-,-,-,-,-,-,-,-,-,-,-,-,-,-,-,-,-,-,-,-,-,-,-,-,-,-,-,-,-,-,-,-,None,0
TapDmgFromHelpers,Knight,BranchRed,1,3,TapDmg,2,II,Chivalric Order,Increased tap damage from heroes,30,250,250,250,250,250,250,250,250,250,250,250,250,250,250,250,250,250,250,250,250,250,250,250,250,250,250,250,250,250,250,-,-,-,-,-,-,1,3,4,5,6,7,8,9,10,11,12,13,14,15,16,17,18,19,20,21,22,24,31,34,38,42,47,52,58,64,-,-,-,-,-,-,TapDamageFromHelpersMult,0.00E+00,1.40E+00,3.73E+00,8.91E+00,2.24E+01,6.01E+01,1.72E+02,5.23E+02,1.69E+03,5.80E+03,2.11E+04,8.07E+04,3.26E+05,1.39E+06,6.19E+06,2.90E+07,1.42E+08,7.30E+08,3.91E+09,2.19E+10,1.28E+11,7.77E+11,5.33E+12,6.02E+13,8.02E+14,1.34E+16,2.79E+17,7.62E+18,2.68E+20,1.29E+22,8.23E+23,-,-,-,-,-,None,-,-,-,-,-,-,-,-,-,-,-,-,-,-,-,-,-,-,-,-,-,-,-,-,-,-,-,-,-,-,-,-,-,-,-,-,None,-,-,-,-,-,-,-,-,-,-,-,-,-,-,-,-,-,-,-,-,-,-,-,-,-,-,-,-,-,-,-,-,-,-,-,-,None,0
BurstSkillBoost,Knight,BranchRed,2,3,TapDmg,2,II,Angelic Radiance,Increased damage and titan skip,30,250,250,250,250,250,250,250,250,250,250,250,250,250,250,250,250,250,250,250,250,250,250,250,250,250,250,250,250,250,250,-,-,-,-,-,-,1,3,4,5,6,7,8,9,10,11,12,13,14,15,16,17,18,19,20,21,22,24,31,34,38,42,47,52,58,64,-,-,-,-,-,-,BurstDamageSkillAmount,0.00E+00,2.00E+00,5.88E+00,1.53E+01,4.23E+01,1.25E+02,3.97E+02,1.35E+03,4.91E+03,1.91E+04,7.88E+04,3.46E+05,1.61E+06,7.89E+06,4.09E+07,2.24E+08,1.29E+09,7.78E+09,4.93E+10,3.28E+11,2.29E+12,1.67E+13,1.38E+14,1.99E+15,3.44E+16,7.65E+17,2.15E+19,8.18E+20,4.12E+22,2.91E+24,2.82E+26,-,-,-,-,-,BurstSkillTitanSkip,0,3,6,9,12,15,18,21,24,27,30,33,36,39,42,45,48,50,52,54,56,58,60,62,64,65,66,67,68,69,70,71,72,73,74,75,None,-,-,-,-,-,-,-,-,-,-,-,-,-,-,-,-,-,-,-,-,-,-,-,-,-,-,-,-,-,-,-,-,-,-,-,-,None,0
FairyGold,Knight,BranchRed,3,3,TapDmg,2,II,Will of Midas,Increased fairy gold,30,250,250,250,250,250,250,250,250,250,250,250,250,250,250,250,250,250,250,250,250,250,250,250,250,250,250,250,250,250,250,-,-,-,-,-,-,1,3,4,5,6,7,8,9,10,11,12,13,14,15,16,17,18,19,20,21,22,24,31,34,38,42,47,52,58,64,-,-,-,-,-,-,FairyGold,0.00E+00,1.60E+00,2.86E+00,5.56E+00,1.21E+01,2.95E+01,8.05E+01,2.45E+02,8.29E+02,3.12E+03,1.30E+04,6.01E+04,3.07E+05,1.73E+06,1.07E+07,7.32E+07,5.50E+08,4.54E+09,4.11E+10,4.08E+11,4.44E+12,5.28E+13,7.69E+14,2.36E+16,9.68E+17,5.89E+19,5.27E+21,7.62E+23,1.77E+26,7.20E+28,5.10E+31,-,-,-,-,-,None,-,-,-,-,-,-,-,-,-,-,-,-,-,-,-,-,-,-,-,-,-,-,-,-,-,-,-,-,-,-,-,-,-,-,-,-,None,-,-,-,-,-,-,-,-,-,-,-,-,-,-,-,-,-,-,-,-,-,-,-,-,-,-,-,-,-,-,-,-,-,-,-,-,None,0
HeavyStrikes,Knight,BranchRed,4,20,TapDmgFromHelpers,3,III,Cleaving Strike,Increased max critical damage,30,500,500,500,500,500,500,500,500,500,500,500,500,500,500,500,500,500,500,500,500,500,500,500,500,500,500,500,500,500,500,-,-,-,-,-,-,1,3,4,5,6,7,8,9,10,11,12,13,14,15,16,17,18,19,20,21,22,24,31,34,38,42,47,52,58,64,-,-,-,-,-,-,CritDamage,0.00E+00,1.40E+00,3.73E+00,8.91E+00,2.24E+01,6.01E+01,1.72E+02,5.23E+02,1.69E+03,5.80E+03,2.11E+04,8.07E+04,3.26E+05,1.39E+06,6.19E+06,2.90E+07,1.42E+08,7.30E+08,3.91E+09,2.19E+10,1.28E+11,7.77E+11,5.33E+12,6.02E+13,8.02E+14,1.34E+16,2.79E+17,7.62E+18,2.68E+20,1.29E+22,8.23E+23,-,-,-,-,-,CritChance,0,0.01,0.02,0.03,0.04,0.05,0.06,0.07,0.08,0.09,0.10,0.11,0.12,0.13,0.14,0.15,0.16,0.17,0.18,0.19,0.20,0.21,0.22,0.23,0.24,0.25,0.26,0.27,0.28,0.29,0.30,-,-,-,-,-,None,-,-,-,-,-,-,-,-,-,-,-,-,-,-,-,-,-,-,-,-,-,-,-,-,-,-,-,-,-,-,-,-,-,-,-,-,None,0
BurstSkillMana,Knight,BranchRed,5,20,BurstSkillBoost,3,III,Rejuvenation,Heavenly Strike mana decrease and titan skip,9,500,500,500,500,500,500,500,500,500,-,-,-,-,-,-,-,-,-,-,-,-,-,-,-,-,-,-,-,-,-,-,-,-,-,-,-,1,2,3,4,4,5,6,7,8,-,-,-,-,-,-,-,-,-,-,-,-,-,-,-,-,-,-,-,-,-,-,-,-,-,-,-,BurstDamageSkillManaMult,1,0.94,0.90,0.90,0.87,0.85,0.82,0.80,0.77,0.75,-,-,-,-,-,-,-,-,-,-,-,-,-,-,-,-,-,-,-,-,-,-,-,-,-,-,BurstSkillStageSkip,0,7,14,21,27,33,39,45,51,57,-,-,-,-,-,-,-,-,-,-,-,-,-,-,-,-,-,-,-,-,-,-,-,-,-,-,None,-,-,-,-,-,-,-,-,-,-,-,-,-,-,-,-,-,-,-,-,-,-,-,-,-,-,-,-,-,-,-,-,-,-,-,-,None,0
FairyChance,Knight,BranchRed,6,20,FairyGold,3,III,Fairy Charm,Multi-fairy spawn bonus + lower fairy spawn cooldown,9,500,500,500,500,500,500,500,500,500,-,-,-,-,-,-,-,-,-,-,-,-,-,-,-,-,-,-,-,-,-,-,-,-,-,-,-,1,2,3,4,4,5,6,7,8,-,-,-,-,-,-,-,-,-,-,-,-,-,-,-,-,-,-,-,-,-,-,-,-,-,-,-,FairySpawnChance,0.00,0.04,0.10,0.28,0.55,0.82,1.17,1.61,2.14,2.75,-,-,-,-,-,-,-,-,-,-,-,-,-,-,-,-,-,-,-,-,-,-,-,-,-,-,FairyCooldown,0,3.6,6.4,12.6,19.7,26.0,33.4,41.5,50.4,60.0,-,-,-,-,-,-,-,-,-,-,-,-,-,-,-,-,-,-,-,-,-,-,-,-,-,-,None,-,-,-,-,-,-,-,-,-,-,-,-,-,-,-,-,-,-,-,-,-,-,-,-,-,-,-,-,-,-,-,-,-,-,-,-,None,0
Frenzy,Knight,BranchRed,7,50,HeavyStrikes,4,IV,Barbaric Fury,Bonus tap attacks per second / increased tap damage,20,6000,6000,6000,6000,6000,6000,6000,6000,6000,6000,6000,6000,6000,6000,6000,6000,6000,6000,6000,6000,-,-,-,-,-,-,-,-,-,-,-,-,-,-,-,-,3,6,9,14,18,22,26,30,34,38,42,45,49,52,54,57,60,63,65,68,-,-,-,-,-,-,-,-,-,-,-,-,-,-,-,-,ActiveTapDamage,0.00E+00,3.00E+00,2.39E+01,1.85E+02,2.59E+03,4.95E+04,1.27E+06,4.24E+07,1.83E+09,9.96E+10,6.81E+12,5.76E+14,5.41E+16,6.22E+18,7.94E+20,1.03E+23,1.49E+25,2.41E+27,4.34E+29,8.03E+31,1.66E+34,-,-,-,-,-,-,-,-,-,-,-,-,-,-,-,FrenzyCount,0,1,3,4,6,7,9,10,12,13,15,16,18,19,21,22,24,25,27,28,30,-,-,-,-,-,-,-,-,-,-,-,-,-,-,-,None,-,-,-,-,-,-,-,-,-,-,-,-,-,-,-,-,-,-,-,-,-,-,-,-,-,-,-,-,-,-,-,-,-,-,-,-,None,0
BurstDamageMultiCastSkill,Knight,BranchRed,8,50,BurstSkillMana,4,IV,Divine Wrath,Stackable Heavenly Strike,3,6000,6000,6000,-,-,-,-,-,-,-,-,-,-,-,-,-,-,-,-,-,-,-,-,-,-,-,-,-,-,-,-,-,-,-,-,-,20,70,160,-,-,-,-,-,-,-,-,-,-,-,-,-,-,-,-,-,-,-,-,-,-,-,-,-,-,-,-,-,-,-,-,-,BurstDamageSkillStacksBonus,0.00E+00,4.56E+02,2.60E+03,3.19E+04,-,-,-,-,-,-,-,-,-,-,-,-,-,-,-,-,-,-,-,-,-,-,-,-,-,-,-,-,-,-,-,-,BurstDamageSkillStacks,0,1,2,3,-,-,-,-,-,-,-,-,-,-,-,-,-,-,-,-,-,-,-,-,-,-,-,-,-,-,-,-,-,-,-,-,None,-,-,-,-,-,-,-,-,-,-,-,-,-,-,-,-,-,-,-,-,-,-,-,-,-,-,-,-,-,-,-,-,-,-,-,-,None,0
TwilightGathering,Knight,BranchRed,9,50,FairyChance,4,IV,Twilight Gathering,Twilight Damage boost + spawns Fairies,20,6000,6000,6000,6000,6000,6000,6000,6000,6000,6000,6000,6000,6000,6000,6000,6000,6000,6000,6000,6000,-,-,-,-,-,-,-,-,-,-,-,-,-,-,-,-,3,6,9,14,18,22,26,30,34,38,42,45,49,52,54,57,60,63,65,68,-,-,-,-,-,-,-,-,-,-,-,-,-,-,-,-,TwilightFairySkillAmount,0.00E+00,3.00E+00,2.39E+01,1.85E+02,2.59E+03,4.95E+04,1.27E+06,4.24E+07,1.83E+09,9.96E+10,6.81E+12,5.76E+14,5.41E+16,6.22E+18,7.94E+20,1.03E+23,1.49E+25,2.41E+27,4.34E+29,8.03E+31,1.66E+34,-,-,-,-,-,-,-,-,-,-,-,-,-,-,-,TwilightFairySkillDuration,0,3,13,27,52,85,127,179,240,310,391,482,582,692,810,935,590,710,850,1000,1200,-,-,-,-,-,-,-,-,-,-,-,-,-,-,-,TwilightFairySpawnChance,0,0.27,0.89,1.25,1.60,1.90,2.17,2.41,2.64,2.85,3.05,3.24,3.42,3.59,3.15,3.20,3.36,3.54,3.72,3.94,4.17,-,-,-,-,-,-,-,-,-,-,-,-,-,-,-,TwilightFairyStageSkip,25
TwilightGatheringMultiCastSkill,Knight,BranchRed,12,100,TwilightGathering,5,V,Eventide Afterglow,Stackable Twilight Fairy,3,9000,9000,9000,-,-,-,-,-,-,-,-,-,-,-,-,-,-,-,-,-,-,-,-,-,-,-,-,-,-,-,-,-,-,-,-,-,20,70,160,-,-,-,-,-,-,-,-,-,-,-,-,-,-,-,-,-,-,-,-,-,-,-,-,-,-,-,-,-,-,-,-,-,TwilightFairySkillStacksBonus,0.00E+00,1.27E+02,1.14E+03,2.70E+04,-,-,-,-,-,-,-,-,-,-,-,-,-,-,-,-,-,-,-,-,-,-,-,-,-,-,-,-,-,-,-,-,TwilightFairySkillStacks,0,1,2,3,-,-,-,-,-,-,-,-,-,-,-,-,-,-,-,-,-,-,-,-,-,-,-,-,-,-,-,-,-,-,-,-,None,-,-,-,-,-,-,-,-,-,-,-,-,-,-,-,-,-,-,-,-,-,-,-,-,-,-,-,-,-,-,-,-,-,-,-,-,None,0
PetDmg,Pet,BranchOrange,0,0,None,1,I,Pet Evolution,Increased pet damage,35,60,60,60,60,60,60,60,60,60,60,60,60,60,60,60,60,60,60,60,60,60,60,60,60,60,60,60,60,60,60,60,60,60,60,60,-,1,2,3,5,6,7,8,9,10,11,12,13,14,15,16,17,18,19,20,21,22,23,24,25,26,27,28,29,30,41,56,62,69,76,85,-,PetDamage,0.00E+00,1.65E+00,2.18E+00,3.13E+00,5.44E+00,1.02E+01,2.06E+01,4.48E+01,1.05E+02,2.64E+02,7.13E+02,2.07E+03,6.43E+03,2.14E+04,7.61E+04,2.89E+05,1.18E+06,5.09E+06,2.35E+07,1.16E+08,6.08E+08,3.40E+09,2.02E+10,1.28E+11,8.56E+11,6.11E+12,4.63E+13,3.72E+14,3.17E+15,2.87E+16,5.69E+17,3.23E+19,2.71E+21,3.54E+23,7.18E+25,2.57E+28,PetTapCountToAttack,0,1,2,3,4,5,6,7,8,9,10,11,12,13,14,15,15,15,15,15,15,15,15,15,15,15,15,15,15,15,15,15,15,15,15,15,None,-,-,-,-,-,-,-,-,-,-,-,-,-,-,-,-,-,-,-,-,-,-,-,-,-,-,-,-,-,-,-,-,-,-,-,-,PetAutoAttackEnabledOverride,1
FireTapSkillBoost,Pet,BranchOrange,1,3,PetDmg,2,II,Summon Inferno,Increased Fire Sword damage,30,300,300,300,300,300,300,300,300,300,300,300,300,300,300,300,300,300,300,300,300,300,300,300,300,300,300,300,300,300,300,-,-,-,-,-,-,1,3,4,5,6,7,8,9,10,11,12,13,14,15,16,17,18,19,20,21,22,24,31,34,38,42,47,52,58,64,-,-,-,-,-,-,TapBoostSkillAmount,0.00E+00,1.40E+00,3.73E+00,8.91E+00,2.24E+01,6.01E+01,1.72E+02,5.23E+02,1.69E+03,5.80E+03,2.11E+04,8.07E+04,3.26E+05,1.39E+06,6.19E+06,2.90E+07,1.42E+08,7.30E+08,3.91E+09,2.19E+10,1.28E+11,7.77E+11,5.33E+12,6.02E+13,8.02E+14,1.34E+16,2.79E+17,7.62E+18,2.68E+20,1.29E+22,8.23E+23,-,-,-,-,-,TapBoostSkillDuration,0,1,2,4,8,12,19,26,35,46,58,73,89,107,128,150,175,203,232,265,300,337,379,435,498,541,584,616,634,650,664,-,-,-,-,-,None,-,-,-,-,-,-,-,-,-,-,-,-,-,-,-,-,-,-,-,-,-,-,-,-,-,-,-,-,-,-,-,-,-,-,-,-,None,0
PetGoldQTE,Pet,BranchOrange,2,3,PetDmg,2,II,Heart of Gold,Give multiple of monster gold drop QTE,30,300,300,300,300,300,300,300,300,300,300,300,300,300,300,300,300,300,300,300,300,300,300,300,300,300,300,300,300,300,300,-,-,-,-,-,-,1,3,4,5,6,7,8,9,10,11,12,13,14,15,16,17,18,19,20,21,22,24,31,34,38,42,47,52,58,64,-,-,-,-,-,-,GoldBoss,0.00E+00,2.00E+00,3.55E+00,6.83E+00,1.47E+01,3.54E+01,9.51E+01,2.84E+02,9.46E+02,3.49E+03,1.43E+04,6.43E+04,3.21E+05,1.76E+06,1.06E+07,7.07E+07,5.16E+08,4.13E+09,3.62E+10,3.47E+11,3.65E+12,4.18E+13,5.85E+14,1.71E+16,6.64E+17,3.80E+19,3.18E+21,4.28E+23,9.17E+25,3.42E+28,2.20E+31,-,-,-,-,-,PetGoldQTECooldown,0,0,1,2,3,4,5,6,7,8,9,10,11,12,13,14,16,17,18,19,20,21,22,23,24,25,26,27,28,29,30,-,-,-,-,-,None,-,-,-,-,-,-,-,-,-,-,-,-,-,-,-,-,-,-,-,-,-,-,-,-,-,-,-,-,-,-,-,-,-,-,-,-,None,0
PetEquipmentBoost,Pet,BranchOrange,3,3,PetDmg,2,II,Companion Warfare,Increased Equipment Pets Effect,30,300,300,300,300,300,300,300,300,300,300,300,300,300,300,300,300,300,300,300,300,300,300,300,300,300,300,300,300,300,300,-,-,-,-,-,-,1,3,4,5,6,7,8,9,10,11,12,13,14,15,16,17,18,19,20,21,22,24,31,34,38,42,47,52,58,64,-,-,-,-,-,-,CompanionDamage,0.00E+00,1.45E+00,4.29E+00,1.12E+01,3.11E+01,9.26E+01,2.96E+02,1.01E+03,3.71E+03,1.45E+04,6.04E+04,2.67E+05,1.25E+06,6.20E+06,3.24E+07,1.79E+08,1.04E+09,6.34E+09,4.06E+10,2.73E+11,1.92E+12,1.42E+13,1.19E+14,1.74E+15,3.05E+16,6.88E+17,1.97E+19,7.64E+20,3.93E+22,2.84E+24,2.82E+26,-,-,-,-,-,None,-,-,-,-,-,-,-,-,-,-,-,-,-,-,-,-,-,-,-,-,-,-,-,-,-,-,-,-,-,-,-,-,-,-,-,-,None,-,-,-,-,-,-,-,-,-,-,-,-,-,-,-,-,-,-,-,-,-,-,-,-,-,-,-,-,-,-,-,-,-,-,-,-,None,0
PetBonusBoost,Pet,BranchOrange,4,20,FireTapSkillBoost,3,III,Ember Arts,Stackable Fire Sword,30,600,600,600,600,600,600,600,600,600,600,600,600,600,600,600,600,600,600,600,600,600,600,600,600,600,600,600,600,600,600,-,-,-,-,-,-,1,3,4,5,6,7,8,9,10,11,12,13,14,15,16,17,18,19,20,21,22,24,31,34,38,42,47,52,58,64,-,-,-,-,-,-,PetDamage,0.00E+00,1.36E+00,2.88E+00,5.96E+00,1.32E+01,3.16E+01,8.14E+01,2.25E+02,6.68E+02,2.12E+03,7.17E+03,2.59E+04,9.92E+04,4.04E+05,1.74E+06,7.95E+06,3.84E+07,1.95E+08,1.05E+09,5.94E+09,3.53E+10,2.21E+11,1.58E+12,1.90E+13,2.74E+14,5.09E+15,1.20E+17,3.84E+18,1.64E+20,9.84E+21,8.23E+23,-,-,-,-,-,TapBoostSkillAmount,0.00E+00,1.10E+00,1.63E+00,2.39E+00,3.63E+00,5.74E+00,9.42E+00,1.61E+01,2.85E+01,5.22E+01,9.89E+01,1.94E+02,3.93E+02,8.21E+02,1.77E+03,3.93E+03,8.97E+03,2.11E+04,5.10E+04,1.27E+05,3.23E+05,8.46E+05,2.37E+06,8.75E+06,3.56E+07,1.65E+08,8.67E+08,5.34E+09,3.83E+10,3.29E+11,3.36E+12,-,-,-,-,-,None,-,-,-,-,-,-,-,-,-,-,-,-,-,-,-,-,-,-,-,-,-,-,-,-,-,-,-,-,-,-,-,-,-,-,-,-,None,0
PetQTE,Pet,BranchOrange,5,20,PetGoldQTE,3,III,Lightning Burst,Increased pet QTE damage / Pet titan skip,30,600,600,600,600,600,600,600,600,600,600,600,600,600,600,600,600,600,600,600,600,600,600,600,600,600,600,600,600,600,600,-,-,-,-,-,-,1,3,4,5,6,7,8,9,10,11,12,13,14,15,16,17,18,19,20,21,22,24,31,34,38,42,47,52,58,64,-,-,-,-,-,-,PetAttackQTEDamage,0.00E+00,1.45E+00,4.29E+00,1.12E+01,3.11E+01,9.26E+01,2.96E+02,1.01E+03,3.71E+03,1.45E+04,6.04E+04,2.67E+05,1.25E+06,6.20E+06,3.24E+07,1.79E+08,1.04E+09,6.34E+09,4.06E+10,2.73E+11,1.92E+12,1.42E+13,1.19E+14,1.74E+15,3.05E+16,6.88E+17,1.97E+19,7.64E+20,3.93E+22,2.84E+24,2.82E+26,-,-,-,-,-,PetAttackTitanSkip,0,2,4,6,8,10,12,14,16,18,20,21,22,23,24,25,26,27,28,29,30,31,32,33,34,35,36,37,38,39,40,-,-,-,-,-,PetQTEStageSkip,0,2,4,6,7,8,8,9,9,10,10,11,11,12,12,13,13,14,14,15,15,16,16,17,17,18,18,19,19,20,20,-,-,-,-,-,None,0
CombatTechniques,Pet,BranchOrange,6,20,PetEquipmentBoost,3,III,Combat Techniques,Increased Equipment Pets Effect,30,600,600,600,600,600,600,600,600,600,600,600,600,600,600,600,600,600,600,600,600,600,600,600,600,600,600,600,600,600,600,-,-,-,-,-,-,1,3,4,5,6,7,8,9,10,11,12,13,14,15,16,17,18,19,20,21,22,24,31,34,38,42,47,52,58,64,-,-,-,-,-,-,EquipmentPetEffect,0.00E+00,1.03E+00,1.29E+00,1.61E+00,2.06E+00,2.68E+00,3.57E+00,4.87E+00,6.77E+00,9.62E+00,1.39E+01,2.06E+01,3.10E+01,4.74E+01,7.40E+01,1.17E+02,1.89E+02,3.10E+02,5.17E+02,8.76E+02,1.51E+03,2.63E+03,4.78E+03,1.02E+04,2.29E+04,5.57E+04,1.46E+05,4.17E+05,1.30E+06,4.53E+06,1.74E+07,-,-,-,-,-,ActivePetLevel,0,0.01,0.02,0.02,0.03,0.04,0.04,0.05,0.06,0.06,0.07,0.08,0.08,0.09,0.10,0.10,0.11,0.11,0.12,0.13,0.13,0.14,0.15,0.15,0.16,0.17,0.17,0.18,0.19,0.19,0.20,-,-,-,-,-,None,-,-,-,-,-,-,-,-,-,-,-,-,-,-,-,-,-,-,-,-,-,-,-,-,-,-,-,-,-,-,-,-,-,-,-,-,None,0
TapBoostMultiCastSkill,Pet,BranchOrange,7,50,PetBonusBoost,4,IV,Volcanic Eruption,Increased Fire Sword Stack Damage,3,5000,5000,5000,-,-,-,-,-,-,-,-,-,-,-,-,-,-,-,-,-,-,-,-,-,-,-,-,-,-,-,-,-,-,-,-,-,20,70,160,-,-,-,-,-,-,-,-,-,-,-,-,-,-,-,-,-,-,-,-,-,-,-,-,-,-,-,-,-,-,-,-,-,TapBoostSkillStacksBonus,0.00E+00,4.56E+02,2.31E+03,2.39E+04,-,-,-,-,-,-,-,-,-,-,-,-,-,-,-,-,-,-,-,-,-,-,-,-,-,-,-,-,-,-,-,-,TapBoostSkillStacks,0.0,1,2,3,-,-,-,-,-,-,-,-,-,-,-,-,-,-,-,-,-,-,-,-,-,-,-,-,-,-,-,-,-,-,-,-,None,-,-,-,-,-,-,-,-,-,-,-,-,-,-,-,-,-,-,-,-,-,-,-,-,-,-,-,-,-,-,-,-,-,-,-,-,None,0
BossDmgQTE,Pet,BranchOrange,8,50,PetQTE,4,IV,Flash Zip,Pet Boss damage QTE,20,5000,5000,5000,5000,5000,5000,5000,5000,5000,5000,5000,5000,5000,5000,5000,5000,5000,5000,5000,5000,-,-,-,-,-,-,-,-,-,-,-,-,-,-,-,-,3,6,9,14,18,22,26,30,34,38,42,45,49,52,54,57,60,63,65,68,-,-,-,-,-,-,-,-,-,-,-,-,-,-,-,-,PetBossQTEDamage,0.00E+00,2.00E+00,1.61E+01,1.26E+02,1.79E+03,3.47E+04,9.03E+05,3.08E+07,1.35E+09,7.54E+10,5.26E+12,4.56E+14,4.38E+16,5.17E+18,6.77E+20,9.00E+22,1.34E+25,2.22E+27,4.10E+29,7.81E+31,1.66E+34,-,-,-,-,-,-,-,-,-,-,-,-,-,-,-,PetQTECooldownMult,0.0,0.993,0.981,0.971,0.963,0.955,0.948,0.942,0.937,0.931,0.927,0.922,0.918,0.914,0.910,0.906,0.903,0.900,0.906,0.904,0.900,-,-,-,-,-,-,-,-,-,-,-,-,-,-,-,PetAttackStageSkip,0,2,4,6,8,10,11,12,13,14,15,16,16,17,17,18,18,19,19,20,20,-,-,-,-,-,-,-,-,-,-,-,-,-,-,-,PetBossQTEDuration,30
DualPetBoost,Pet,BranchOrange,9,50,CombatTechniques,4,IV,Summoning Circle,Increased Dual Pet Damage,20,5000,5000,5000,5000,5000,5000,5000,5000,5000,5000,5000,5000,5000,5000,5000,5000,5000,5000,5000,5000,-,-,-,-,-,-,-,-,-,-,-,-,-,-,-,-,3,6,9,14,18,22,26,30,34,38,42,45,49,52,54,57,60,63,65,68,-,-,-,-,-,-,-,-,-,-,-,-,-,-,-,-,DualPetAmount,0.00E+00,3.10E+00,2.46E+01,1.91E+02,2.67E+03,5.10E+04,1.30E+06,4.35E+07,1.87E+09,1.02E+11,6.95E+12,5.87E+14,5.50E+16,6.32E+18,8.05E+20,1.04E+23,1.50E+25,2.42E+27,4.36E+29,8.05E+31,1.66E+34,-,-,-,-,-,-,-,-,-,-,-,-,-,-,-,DualPetDuration,0,1,11,26,51,85,127,179,240,311,392,484,583,693,811,935,590,710,850,1000,1200,-,-,-,-,-,-,-,-,-,-,-,-,-,-,-,None,-,-,-,-,-,-,-,-,-,-,-,-,-,-,-,-,-,-,-,-,-,-,-,-,-,-,-,-,-,-,-,-,-,-,-,-,None,0
DualPetMultiCast,Pet,BranchOrange,12,100,DualPetBoost,5,V,Burning Passion,Stackable Dual Pet,3,9000,9000,9000,-,-,-,-,-,-,-,-,-,-,-,-,-,-,-,-,-,-,-,-,-,-,-,-,-,-,-,-,-,-,-,-,-,20,70,160,-,-,-,-,-,-,-,-,-,-,-,-,-,-,-,-,-,-,-,-,-,-,-,-,-,-,-,-,-,-,-,-,-,DualPetSkillStacksBonus,0.00E+00,1.27E+02,1.22E+03,3.20E+04,-,-,-,-,-,-,-,-,-,-,-,-,-,-,-,-,-,-,-,-,-,-,-,-,-,-,-,-,-,-,-,-,DualPetSkillStacks,0,1,2,3,-,-,-,-,-,-,-,-,-,-,-,-,-,-,-,-,-,-,-,-,-,-,-,-,-,-,-,-,-,-,-,-,None,-,-,-,-,-,-,-,-,-,-,-,-,-,-,-,-,-,-,-,-,-,-,-,-,-,-,-,-,-,-,-,-,-,-,-,-,None,0
AllHelperDmg,Warlord,BranchYellow,0,0,None,1,I,Master Commander,Increased damge to all hero types,35,60,60,60,60,60,60,60,60,60,60,60,60,60,60,60,60,60,60,60,60,60,60,60,60,60,60,60,60,60,60,60,60,60,60,60,-,1,2,3,5,6,7,8,9,10,11,12,13,14,15,16,17,18,19,20,21,22,23,24,25,26,27,28,29,30,41,56,62,69,76,85,-,AllHelperDamage,0.00E+00,1.20E+00,1.72E+00,2.64E+00,5.02E+00,1.02E+01,2.24E+01,5.29E+01,1.34E+02,3.63E+02,1.05E+03,3.26E+03,1.08E+04,3.81E+04,1.43E+05,5.73E+05,2.43E+06,1.10E+07,5.25E+07,2.67E+08,1.43E+09,8.14E+09,4.90E+10,3.11E+11,2.09E+12,1.48E+13,1.11E+14,8.75E+14,7.28E+15,6.37E+16,1.20E+18,6.25E+19,4.67E+21,5.29E+23,8.97E+25,2.57E+28,None,-,-,-,-,-,-,-,-,-,-,-,-,-,-,-,-,-,-,-,-,-,-,-,-,-,-,-,-,-,-,-,-,-,-,-,-,None,-,-,-,-,-,-,-,-,-,-,-,-,-,-,-,-,-,-,-,-,-,-,-,-,-,-,-,-,-,-,-,-,-,-,-,-,None,0
HelperBoost,Warlord,BranchYellow,1,3,AllHelperDmg,2,II,Tactical Insight,Unlockable skill boost for heroes,30,300,300,300,300,300,300,300,300,300,300,300,300,300,300,300,300,300,300,300,300,300,300,300,300,300,300,300,300,300,300,-,-,-,-,-,-,1,3,4,5,6,7,8,9,10,11,12,13,14,15,16,17,18,19,20,21,22,24,31,34,38,42,47,52,58,64,-,-,-,-,-,-,HelperMultiplicativeSkillBoost,0.0000,0.0032,0.0081,0.0163,0.0264,0.0379,0.0507,0.0645,0.0793,0.0949,0.1114,0.1286,0.1465,0.1650,0.1842,0.2040,0.2244,0.2453,0.2668,0.2888,0.3112,0.3341,0.3575,0.3814,0.4057,0.4304,0.4555,0.4811,0.5070,0.5333,0.5600,-,-,-,-,-,HelperAdditiveSkillBoost,0.000,0.020,0.025,0.033,0.043,0.053,0.064,0.075,0.088,0.101,0.114,0.128,0.142,0.157,0.172,0.187,0.203,0.218,0.235,0.251,0.268,0.285,0.303,0.320,0.338,0.356,0.375,0.393,0.412,0.431,0.450,-,-,-,-,-,None,-,-,-,-,-,-,-,-,-,-,-,-,-,-,-,-,-,-,-,-,-,-,-,-,-,-,-,-,-,-,-,-,-,-,-,-,None,0
HelperDmgSkillBoost,Warlord,BranchYellow,2,3,AllHelperDmg,2,II,Heroic Might,War Cry damage / duration,30,300,300,300,300,300,300,300,300,300,300,300,300,300,300,300,300,300,300,300,300,300,300,300,300,300,300,300,300,300,300,-,-,-,-,-,-,1,3,4,5,6,7,8,9,10,11,12,13,14,15,16,17,18,19,20,21,22,24,31,34,38,42,47,52,58,64,-,-,-,-,-,-,HelperBoostSkillAmount,0.00E+00,1.40E+00,3.47E+00,7.75E+00,1.82E+01,4.53E+01,1.20E+02,3.35E+02,9.91E+02,3.10E+03,1.02E+04,3.54E+04,1.29E+05,4.90E+05,1.96E+06,8.16E+06,3.55E+07,1.61E+08,7.62E+08,3.75E+09,1.91E+10,1.02E+11,6.03E+11,5.67E+12,6.22E+13,8.43E+14,1.39E+16,2.97E+17,8.00E+18,2.86E+20,1.34E+22,-,-,-,-,-,HelperBoostSkillDuration,0,1,3,6,10,16,23,32,43,56,71,89,108,131,155,182,212,245,281,320,361,406,445,478,508,536,563,589,615,640,664,-,-,-,-,-,None,-,-,-,-,-,-,-,-,-,-,-,-,-,-,-,-,-,-,-,-,-,-,-,-,-,-,-,-,-,-,-,-,-,-,-,-,None,0
ClanShipDmg,Warlord,BranchYellow,3,3,AllHelperDmg,2,II,Aerial Assault,Increased clan ship damage / titan skip,30,300,300,300,300,300,300,300,300,300,300,300,300,300,300,300,300,300,300,300,300,300,300,300,300,300,300,300,300,300,300,-,-,-,-,-,-,1,3,4,5,6,7,8,9,10,11,12,13,14,15,16,17,18,19,20,21,22,24,31,34,38,42,47,52,58,64,-,-,-,-,-,-,ClanShipDamage,0.00E+00,1.50E+00,4.43E+00,1.16E+01,3.22E+01,9.56E+01,3.05E+02,1.04E+03,3.83E+03,1.49E+04,6.22E+04,2.75E+05,1.28E+06,6.36E+06,3.33E+07,1.83E+08,1.06E+09,6.48E+09,4.15E+10,2.78E+11,1.96E+12,1.44E+13,1.21E+14,1.76E+15,3.09E+16,6.96E+17,1.99E+19,7.70E+20,3.95E+22,2.84E+24,2.82E+26,-,-,-,-,-,ClanShipTitanSkip,0,3,6,9,12,15,18,21,24,27,30,32,34,36,38,40,41,42,43,44,45,46,47,48,49,50,51,52,53,54,55,-,-,-,-,-,None,-,-,-,-,-,-,-,-,-,-,-,-,-,-,-,-,-,-,-,-,-,-,-,-,-,-,-,-,-,-,-,-,-,-,-,-,None,0
ClanQTE,Warlord,BranchYellow,4,20,HelperBoost,3,III,Coordinated Offensive,Summon clan member Clan Ship QTE,30,700,700,700,700,700,700,700,700,700,700,700,700,700,700,700,700,700,700,700,700,700,700,700,700,700,700,700,700,700,700,-,-,-,-,-,-,1,3,4,5,6,7,8,9,10,11,12,13,14,15,16,17,18,19,20,21,22,24,31,34,38,42,47,52,58,64,-,-,-,-,-,-,ActiveAllHelperDamage,0.00E+00,1.75E+00,4.65E+00,1.11E+01,2.77E+01,7.39E+01,2.10E+02,6.38E+02,2.05E+03,7.01E+03,2.53E+04,9.65E+04,3.88E+05,1.64E+06,7.27E+06,3.38E+07,1.65E+08,8.40E+08,4.48E+09,2.49E+10,1.44E+11,8.70E+11,5.92E+12,6.62E+13,8.73E+14,1.45E+16,2.97E+17,7.99E+18,2.77E+20,1.31E+22,8.23E+23,-,-,-,-,-,ClanQTECooldown,0,0,1,2,3,4,5,6,7,8,9,10,11,12,13,14,15,16,17,18,19,20,21,22,23,24,25,26,27,28,30,-,-,-,-,-,None,-,-,-,-,-,-,-,-,-,-,-,-,-,-,-,-,-,-,-,-,-,-,-,-,-,-,-,-,-,-,-,-,-,-,-,-,None,0
HelperInspiredWeaken,Warlord,BranchYellow,5,20,HelperDmgSkillBoost,3,III,Searing Light,Inspired Hero Damage / Count,30,700,700,700,700,700,700,700,700,700,700,700,700,700,700,700,700,700,700,700,700,700,700,700,700,700,700,700,700,700,700,-,-,-,-,-,-,1,3,4,5,6,7,8,9,10,11,12,13,14,15,16,17,18,19,20,21,22,24,31,34,38,42,47,52,58,64,-,-,-,-,-,-,InspiredHelperDamage,0.00E+00,1.45E+00,3.86E+00,9.22E+00,2.32E+01,6.21E+01,1.77E+02,5.39E+02,1.74E+03,5.98E+03,2.17E+04,8.30E+04,3.35E+05,1.42E+06,6.35E+06,2.97E+07,1.45E+08,7.46E+08,4.00E+09,2.23E+10,1.30E+11,7.91E+11,5.42E+12,6.11E+13,8.13E+14,1.36E+16,2.82E+17,7.67E+18,2.70E+20,1.29E+22,8.23E+23,-,-,-,-,-,InspiredHelperCount,0,1,2,3,4,5,6,7,8,9,10,11,12,13,14,15,16,17,18,19,20,21,22,23,24,25,26,27,28,29,30,-,-,-,-,-,None,-,-,-,-,-,-,-,-,-,-,-,-,-,-,-,-,-,-,-,-,-,-,-,-,-,-,-,-,-,-,-,-,-,-,-,-,None,0
ClanShipStun,Warlord,BranchYellow,6,20,ClanShipDmg,3,III,Anchoring Shot,Stun Titan for increased damage,30,700,700,700,700,700,700,700,700,700,700,700,700,700,700,700,700,700,700,700,700,700,700,700,700,700,700,700,700,700,700,-,-,-,-,-,-,1,3,4,5,6,7,8,9,10,11,12,13,14,15,16,17,18,19,20,21,22,24,31,34,38,42,47,52,58,64,-,-,-,-,-,-,ClanShipStunDamage,0.00E+00,2.20E+00,7.08E+00,2.11E+01,6.90E+01,2.49E+02,9.89E+02,4.33E+03,2.08E+04,1.09E+05,6.27E+05,3.91E+06,2.64E+07,1.93E+08,1.52E+09,1.30E+10,1.19E+11,1.16E+12,1.22E+13,1.38E+14,1.65E+15,2.12E+16,3.25E+17,1.02E+19,4.10E+20,2.31E+22,1.80E+24,2.10E+26,3.61E+28,9.83E+30,4.15E+33,-,-,-,-,-,ClanShipStunDuration,0.00,0.70,0.75,0.87,0.96,1.04,1.12,1.18,1.24,1.30,1.35,1.40,1.44,1.49,1.53,1.57,1.61,1.65,1.68,1.72,1.75,1.79,1.82,1.86,1.90,1.94,1.98,2.02,2.05,2.07,2.10,-,-,-,-,-,ClanShipStageSkip,0,6,12,18,24,29,34,39,44,49,54,59,63,67,71,74,77,80,83,85,87,89,91,93,94,95,96,97,98,99,100,-,-,-,-,-,None,0
HelperDmgQTE,Warlord,BranchYellow,7,50,ClanQTE,4,IV,Astral Awakening,Increased Hero QTE damage per bounce,20,5000,5000,5000,5000,5000,5000,5000,5000,5000,5000,5000,5000,5000,5000,5000,5000,5000,5000,5000,5000,-,-,-,-,-,-,-,-,-,-,-,-,-,-,-,-,3,6,9,14,18,22,26,30,34,38,42,45,49,52,54,57,60,63,65,68,-,-,-,-,-,-,-,-,-,-,-,-,-,-,-,-,HelperQTEDamage,0.00E+00,1.30E+00,1.97E+00,2.96E+00,5.01E+00,9.02E+00,1.72E+01,3.47E+01,7.34E+01,1.63E+02,3.79E+02,9.18E+02,2.27E+03,5.85E+03,1.54E+04,4.06E+04,1.10E+05,3.02E+05,8.51E+05,2.41E+06,6.98E+06,-,-,-,-,-,-,-,-,-,-,-,-,-,-,-,None,-,-,-,-,-,-,-,-,-,-,-,-,-,-,-,-,-,-,-,-,-,-,-,-,-,-,-,-,-,-,-,-,-,-,-,-,None,-,-,-,-,-,-,-,-,-,-,-,-,-,-,-,-,-,-,-,-,-,-,-,-,-,-,-,-,-,-,-,-,-,-,-,-,HelperQTECount,5
HelperBoostMultiCastSkill,Warlord,BranchYellow,8,50,HelperInspiredWeaken,4,IV,Command Supremacy,Stackable Way Cry,3,5000,5000,5000,-,-,-,-,-,-,-,-,-,-,-,-,-,-,-,-,-,-,-,-,-,-,-,-,-,-,-,-,-,-,-,-,-,20,70,160,-,-,-,-,-,-,-,-,-,-,-,-,-,-,-,-,-,-,-,-,-,-,-,-,-,-,-,-,-,-,-,-,-,HelperBoostSkillStacksBonus,0.00E+00,4.56E+02,2.05E+03,1.79E+04,-,-,-,-,-,-,-,-,-,-,-,-,-,-,-,-,-,-,-,-,-,-,-,-,-,-,-,-,-,-,-,-,HelperBoostSkillStacks,0.00,1,2,3,-,-,-,-,-,-,-,-,-,-,-,-,-,-,-,-,-,-,-,-,-,-,-,-,-,-,-,-,-,-,-,-,None,-,-,-,-,-,-,-,-,-,-,-,-,-,-,-,-,-,-,-,-,-,-,-,-,-,-,-,-,-,-,-,-,-,-,-,-,None,0
ClanShipVoltage,Warlord,BranchYellow,9,50,ClanShipStun,4,IV,Voltaic Sails,Stun Spell Unlock Skill,20,5000,5000,5000,5000,5000,5000,5000,5000,5000,5000,5000,5000,5000,5000,5000,5000,5000,5000,5000,5000,-,-,-,-,-,-,-,-,-,-,-,-,-,-,-,-,3,6,9,14,18,22,26,30,34,38,42,45,49,52,54,57,60,63,65,68,-,-,-,-,-,-,-,-,-,-,-,-,-,-,-,-,ThunderVolleySkillAmount,0.00E+00,2.40E+00,1.33E+01,7.21E+01,6.35E+02,7.25E+03,1.05E+05,1.90E+06,4.24E+07,1.15E+09,3.75E+10,1.46E+12,6.20E+13,3.11E+15,1.70E+17,9.40E+18,5.70E+20,3.78E+22,2.75E+24,2.04E+26,1.66E+28,-,-,-,-,-,-,-,-,-,-,-,-,-,-,-,ThunderVolleySkillSpecialDamage,0,1.28E+00,2.06E+00,3.28E+00,5.99E+00,1.18E+01,2.46E+01,5.49E+01,1.30E+02,3.23E+02,8.47E+02,2.33E+03,6.58E+03,1.94E+04,5.88E+04,1.79E+05,5.56E+05,1.77E+06,5.81E+06,1.91E+07,6.46E+07,-,-,-,-,-,-,-,-,-,-,-,-,-,-,-,ThunderVolleySkillDuration,0,1,11,26,51,85,127,179,240,311,392,484,583,693,811,935,590,710,850,1000,1200,-,-,-,-,-,-,-,-,-,-,-,-,-,-,-,None,0
ClanShipVoltageMultiCastSkill,Warlord,BranchYellow,12,100,ClanShipVoltage,5,V,Galvanized Mast,Stackable Thunder Ship,3,9000,9000,9000,-,-,-,-,-,-,-,-,-,-,-,-,-,-,-,-,-,-,-,-,-,-,-,-,-,-,-,-,-,-,-,-,-,20,70,160,-,-,-,-,-,-,-,-,-,-,-,-,-,-,-,-,-,-,-,-,-,-,-,-,-,-,-,-,-,-,-,-,-,ThunderVolleySkillStacksBonus,0.00E+00,1.27E+02,1.30E+03,3.70E+04,-,-,-,-,-,-,-,-,-,-,-,-,-,-,-,-,-,-,-,-,-,-,-,-,-,-,-,-,-,-,-,-,ThunderVolleySkillStacks,0,1,2,3,-,-,-,-,-,-,-,-,-,-,-,-,-,-,-,-,-,-,-,-,-,-,-,-,-,-,-,-,-,-,-,-,None,-,-,-,-,-,-,-,-,-,-,-,-,-,-,-,-,-,-,-,-,-,-,-,-,-,-,-,-,-,-,-,-,-,-,-,-,None,0
CloneDmg,Sorcerer,BranchBlue,0,0,None,1,I,Phantom Vengeance,Increased clone dmg + attack rate,35,150,150,150,150,150,150,150,150,150,150,150,150,150,150,150,150,150,150,150,150,150,150,150,150,150,150,150,150,150,150,150,150,150,150,150,-,1,2,3,5,6,7,8,9,10,11,12,13,14,15,16,17,18,19,20,21,22,23,24,25,26,27,28,29,30,41,56,62,69,76,85,-,ShadowCloneSkillAmount,0.00E+00,1.50E+00,1.99E+00,2.84E+00,4.95E+00,9.28E+00,1.88E+01,4.09E+01,9.59E+01,2.42E+02,6.54E+02,1.90E+03,5.91E+03,1.97E+04,7.03E+04,2.68E+05,1.09E+06,4.73E+06,2.19E+07,1.08E+08,5.69E+08,3.19E+09,1.90E+10,1.20E+11,8.10E+11,5.80E+12,4.40E+13,3.55E+14,3.04E+15,2.76E+16,5.49E+17,3.14E+19,2.64E+21,3.48E+23,7.12E+25,2.57E+28,ShadowCloneSkillAttackRate,0.00,0.10,0.25,0.45,0.71,0.95,1.19,1.42,1.65,1.88,2.12,2.35,2.58,2.82,3.05,3.29,3.52,3.76,4.00,4.24,4.48,4.72,4.96,5.20,5.44,5.69,5.93,6.17,6.42,6.66,6.99,7.41,7.86,8.20,8.50,8.77,None,-,-,-,-,-,-,-,-,-,-,-,-,-,-,-,-,-,-,-,-,-,-,-,-,-,-,-,-,-,-,-,-,-,-,-,-,None,0
MPCapacityBoost,Sorcerer,BranchBlue,1,3,CloneDmg,2,II,Limit Break,Increased mana capacity and regen,15,350,350,350,350,350,350,350,350,350,350,350,350,350,350,350,-,-,-,-,-,-,-,-,-,-,-,-,-,-,-,-,-,-,-,-,-,1,2,3,4,5,6,7,8,10,12,14,18,23,48,69,-,-,-,-,-,-,-,-,-,-,-,-,-,-,-,-,-,-,-,-,-,ManaPoolCap,0,4,10,22,42,72,114,169,240,338,469,635,870,1198,1974,2850,-,-,-,-,-,-,-,-,-,-,-,-,-,-,-,-,-,-,-,-,AllManaSourceMult,0.000,1.10,1.26,1.40,1.53,1.64,1.74,1.84,1.93,2.03,2.12,2.22,2.33,2.44,2.64,2.82,-,-,-,-,-,-,-,-,-,-,-,-,-,-,-,-,-,-,-,-,None,-,-,-,-,-,-,-,-,-,-,-,-,-,-,-,-,-,-,-,-,-,-,-,-,-,-,-,-,-,-,-,-,-,-,-,-,None,0
CloneSkillBoost,Sorcerer,BranchBlue,2,3,CloneDmg,2,II,Eternal Darkness,Increased clone duration + titan skip,9,350,350,350,350,350,350,350,350,350,-,-,-,-,-,-,-,-,-,-,-,-,-,-,-,-,-,-,-,-,-,-,-,-,-,-,-,1,2,3,4,4,5,6,7,8,-,-,-,-,-,-,-,-,-,-,-,-,-,-,-,-,-,-,-,-,-,-,-,-,-,-,-,ShadowCloneSkillDuration,0,5,7,13,27,50,90,156,258,407,-,-,-,-,-,-,-,-,-,-,-,-,-,-,-,-,-,-,-,-,-,-,-,-,-,-,ShadowCloneTitanSkip,0,5,10,15,19,23,27,31,35,38,-,-,-,-,-,-,-,-,-,-,-,-,-,-,-,-,-,-,-,-,-,-,-,-,-,-,ShadowCloneStageSkip,0,5,9,14,19,24,28,32,36,40,-,-,-,-,-,-,-,-,-,-,-,-,-,-,-,-,-,-,-,-,-,-,-,-,-,-,ShadowCloneBossSplash,0.15
ManaStealSkillBoost,Sorcerer,BranchBlue,3,3,CloneDmg,2,II,Mana Siphon,Chance to gain additional mana per tap,15,350,350,350,350,350,350,350,350,350,350,350,350,350,350,350,-,-,-,-,-,-,-,-,-,-,-,-,-,-,-,-,-,-,-,-,-,1,2,3,4,5,6,7,8,10,12,14,18,23,48,69,-,-,-,-,-,-,-,-,-,-,-,-,-,-,-,-,-,-,-,-,-,ManaTapRegenAmount,0.00,1.40,1.72,2.19,2.80,3.55,4.44,5.47,6.64,8.09,9.81,11.80,14.35,17.58,24.25,33.73,-,-,-,-,-,-,-,-,-,-,-,-,-,-,-,-,-,-,-,-,ManaStealChance,0.005,0.005,0.005,0.005,0.005,0.005,0.005,0.005,0.005,0.005,0.005,0.005,0.005,0.005,0.005,0.005,0.005,0.005,0.005,0.005,0.005,0.005,0.005,0.005,0.005,0.005,-,-,-,-,-,-,-,-,-,-,None,-,-,-,-,-,-,-,-,-,-,-,-,-,-,-,-,-,-,-,-,-,-,-,-,-,-,-,-,-,-,-,-,-,-,-,-,None,0
ManaMonster,Sorcerer,BranchBlue,4,20,MPCapacityBoost,3,III,Manni Mana,Chance for mana monster to spawn (gives mana),15,800,800,800,800,800,800,800,800,800,800,800,800,800,800,800,-,-,-,-,-,-,-,-,-,-,-,-,-,-,-,-,-,-,-,-,-,1,2,3,4,5,6,7,8,10,12,14,18,23,48,69,-,-,-,-,-,-,-,-,-,-,-,-,-,-,-,-,-,-,-,-,-,ManaMonsterAmount,0,1,3,5,7,10,13,16,20,24,29,34,40,48,63,83,-,-,-,-,-,-,-,-,-,-,-,-,-,-,-,-,-,-,-,-,ManaMonsterSpawnChance,0.0,0.0,0.0,0.0,0.0,0.0,0.0,0.0,0.0,0.0,0.0,0.0,0.0,0.0,0.0,0.0,0.0,0.0,0.0,0.0,0.0,0.0,0.0,0.0,0.0,0.0,-,-,-,-,-,-,-,-,-,-,None,-,-,-,-,-,-,-,-,-,-,-,-,-,-,-,-,-,-,-,-,-,-,-,-,-,-,-,-,-,-,-,-,-,-,-,-,None,0
BossTimer,Sorcerer,BranchBlue,5,20,CloneSkillBoost,3,III,Dimensional Shift,Increase active skill effects and duration,30,800,800,800,800,800,800,800,800,800,800,800,800,800,800,800,800,800,800,800,800,800,800,800,800,800,800,800,800,800,800,-,-,-,-,-,-,1,3,4,5,6,7,8,9,10,11,12,13,14,15,16,17,18,19,20,21,22,24,31,34,38,42,47,52,58,64,-,-,-,-,-,-,ShadowCloneAllSkillBoost,0.00E+00,1.20E+00,1.64E+00,2.17E+00,2.92E+00,4.00E+00,5.60E+00,8.00E+00,1.17E+01,1.73E+01,2.62E+01,4.02E+01,6.29E+01,1.00E+02,1.62E+02,2.65E+02,4.41E+02,7.45E+02,1.28E+03,2.22E+03,3.90E+03,6.96E+03,1.29E+04,2.80E+04,6.43E+04,1.59E+05,4.19E+05,1.21E+06,3.79E+06,1.31E+07,4.96E+07,-,-,-,-,-,ShadowCloneAllSkillDurationRate,1.000,0.970,0.927,0.886,0.853,0.823,0.796,0.770,0.747,0.724,0.702,0.682,0.662,0.642,0.624,0.606,0.588,0.571,0.554,0.537,0.521,0.505,0.489,0.470,0.450,0.430,0.409,0.390,0.376,0.363,0.350,-,-,-,-,-,None,-,-,-,-,-,-,-,-,-,-,-,-,-,-,-,-,-,-,-,-,-,-,-,-,-,-,-,-,-,-,-,-,-,-,-,-,None,0
CritSkillBoost,Sorcerer,BranchBlue,6,20,ManaStealSkillBoost,3,III,Lightning Strike,Chance to deal damage equal to percent of monster hp,30,800,800,800,800,800,800,800,800,800,800,800,800,800,800,800,800,800,800,800,800,800,800,800,800,800,800,800,800,800,800,-,-,-,-,-,-,1,3,4,5,6,7,8,9,10,11,12,13,14,15,16,17,18,19,20,21,22,24,31,34,38,42,47,52,58,64,-,-,-,-,-,-,LightningStrikeDamage,0.0000,0.1000,0.1600,0.2290,0.2840,0.3300,0.3700,0.4070,0.4410,0.4730,0.5020,0.5300,0.5570,0.5820,0.6060,0.6290,0.6510,0.6730,0.6940,0.7140,0.7330,0.7520,0.7710,0.7940,0.8170,0.8410,0.8650,0.8900,0.9040,0.9180,0.9310,-,-,-,-,-,LightningStrikeEfficiency,0.000,0.936,0.941,0.944,0.947,0.949,0.951,0.953,0.954,0.956,0.957,0.959,0.960,0.962,0.963,0.964,0.965,0.966,0.967,0.968,0.969,0.970,0.971,0.973,0.974,0.975,0.976,0.977,0.978,0.979,0.980,-,-,-,-,-,None,-,-,-,-,-,-,-,-,-,-,-,-,-,-,-,-,-,-,-,-,-,-,-,-,-,-,-,-,-,-,-,-,-,-,-,-,LightningStrikeChance,0.02
ForbiddenContract,Sorcerer,BranchBlue,7,50,ManaMonster,4,IV,Forbidden Contract,Activate QTE to drain mana for more damage.,20,6000,6000,6000,6000,6000,6000,6000,6000,6000,6000,6000,6000,6000,6000,6000,6000,6000,6000,6000,6000,-,-,-,-,-,-,-,-,-,-,-,-,-,-,-,-,3,6,9,14,18,22,26,30,34,38,42,45,49,52,54,57,60,63,65,68,-,-,-,-,-,-,-,-,-,-,-,-,-,-,-,-,ForbiddenContractMaxDamage,0.00E+00,3.50E+01,3.12E+02,2.72E+03,4.40E+04,9.91E+05,3.03E+07,1.23E+09,6.54E+10,4.45E+12,3.85E+14,4.16E+16,5.03E+18,7.53E+20,1.26E+23,2.14E+25,4.07E+27,8.72E+29,2.10E+32,5.18E+34,1.44E+37,-,-,-,-,-,-,-,-,-,-,-,-,-,-,-,ForbiddenContractManaCostBase,0.00,0.33,0.41,0.48,0.54,0.59,0.64,0.68,0.73,0.76,0.80,0.83,0.87,0.90,0.92,0.95,0.98,1.00,1.00,1.00,1.00,-,-,-,-,-,-,-,-,-,-,-,-,-,-,-,None,-,-,-,-,-,-,-,-,-,-,-,-,-,-,-,-,-,-,-,-,-,-,-,-,-,-,-,-,-,-,-,-,-,-,-,-,ForbiddenContractTimeUntilMaxDamage,1
ShadowCloneMultiCastSkill,Sorcerer,BranchBlue,8,50,BossTimer,4,IV,Phantom Control,Stackable Shadow Clone,3,6000,6000,6000,-,-,-,-,-,-,-,-,-,-,-,-,-,-,-,-,-,-,-,-,-,-,-,-,-,-,-,-,-,-,-,-,-,20,70,160,-,-,-,-,-,-,-,-,-,-,-,-,-,-,-,-,-,-,-,-,-,-,-,-,-,-,-,-,-,-,-,-,-,ShadowCloneSkillStacksBonus,0.00E+00,4.56E+02,2.31E+03,2.39E+04,-,-,-,-,-,-,-,-,-,-,-,-,-,-,-,-,-,-,-,-,-,-,-,-,-,-,-,-,-,-,-,-,ShadowCloneSkillStacks,0,1,2,3,-,-,-,-,-,-,-,-,-,-,-,-,-,-,-,-,-,-,-,-,-,-,-,-,-,-,-,-,-,-,-,-,None,-,-,-,-,-,-,-,-,-,-,-,-,-,-,-,-,-,-,-,-,-,-,-,-,-,-,-,-,-,-,-,-,-,-,-,-,None,0
PuppetMaster,Sorcerer,BranchBlue,9,50,CritSkillBoost,4,IV,Nightmare Puppeteer,Damage based on Shadow Clone Special Attempts + Special Attempts,20,6000,6000,6000,6000,6000,6000,6000,6000,6000,6000,6000,6000,6000,6000,6000,6000,6000,6000,6000,6000,-,-,-,-,-,-,-,-,-,-,-,-,-,-,-,-,3,6,9,14,18,22,26,30,34,38,42,45,49,52,54,57,60,63,65,68,-,-,-,-,-,-,-,-,-,-,-,-,-,-,-,-,ShadowCloneSkillSpecialDamage,0.00E+00,3.00E+00,1.65E+01,8.95E+01,7.85E+02,8.91E+03,1.28E+05,2.31E+06,5.12E+07,1.38E+09,4.46E+10,1.72E+12,7.25E+13,3.61E+15,1.96E+17,1.07E+19,6.45E+20,4.24E+22,3.05E+24,2.25E+26,1.81E+28,-,-,-,-,-,-,-,-,-,-,-,-,-,-,-,ShadowCloneSkillSpecialRate,0.00,1.02,1.04,1.06,1.07,1.08,1.09,1.10,1.11,1.11,1.12,1.13,1.13,1.14,1.14,1.15,1.16,1.16,1.17,1.17,1.17,-,-,-,-,-,-,-,-,-,-,-,-,-,-,-,None,-,-,-,-,-,-,-,-,-,-,-,-,-,-,-,-,-,-,-,-,-,-,-,-,-,-,-,-,-,-,-,-,-,-,-,-,ShadowCloneSkillSpecialChance,0.0013
TerrifyingPact,Sorcerer,BranchBlue,10,100,ForbiddenContract,5,V,Terrifying Pact,Reduced Titan Count and increased Effect during Contracts,20,10000,10000,10000,10000,10000,10000,10000,10000,10000,10000,10000,10000,10000,10000,10000,10000,10000,10000,10000,10000,-,-,-,-,-,-,-,-,-,-,-,-,-,-,-,-,3,6,9,14,18,22,26,30,34,38,42,45,49,52,54,57,60,63,65,68,-,-,-,-,-,-,-,-,-,-,-,-,-,-,-,-,ForbiddenContractBonusGold,0.00E+00,3.00E+00,5.70E+00,1.30E+01,4.25E+01,1.80E+02,9.75E+02,6.71E+03,5.83E+04,6.34E+05,8.61E+06,1.45E+08,2.83E+09,6.83E+10,1.90E+12,5.75E+13,2.00E+15,8.07E+16,3.74E+18,1.88E+20,1.09E+22,-,-,-,-,-,-,-,-,-,-,-,-,-,-,-,RoyalContractBonusDamage,0.00E+00,2.00E+00,1.05E+01,5.42E+01,4.48E+02,4.75E+03,6.35E+04,1.05E+06,2.14E+07,5.26E+08,1.54E+10,5.38E+11,2.04E+13,9.11E+14,4.41E+16,2.16E+18,1.16E+20,6.79E+21,4.33E+23,2.83E+25,2.01E+27,-,-,-,-,-,-,-,-,-,-,-,-,-,-,-,AnyContractMonsterCount,0,1,2,3,4,5,6,7,7,7,7,7,7,7,7,7,7,7,7,7,7,-,-,-,-,-,-,-,-,-,-,-,-,-,-,-,None,0
OfflineGold,Rogue,BranchGreen,0,0,None,1,I,Master Thief,All Gold / Jackpot Gold (Change to AG and JC),35,200,200,200,200,200,200,200,200,200,200,200,200,200,200,200,200,200,200,200,200,200,200,200,200,200,200,200,200,200,200,200,200,200,200,200,-,1,2,3,5,6,7,8,9,10,11,12,13,14,15,16,17,18,19,20,21,22,23,24,25,26,27,28,29,30,41,56,62,69,76,85,-,GoldAll,0.00E+00,1.60E+00,2.15E+00,3.12E+00,5.58E+00,1.08E+01,2.25E+01,5.07E+01,1.24E+02,3.25E+02,9.21E+02,2.81E+03,9.21E+03,3.24E+04,1.23E+05,4.96E+05,2.15E+06,1.00E+07,4.97E+07,2.64E+08,1.50E+09,9.07E+09,5.86E+10,4.04E+11,2.97E+12,2.32E+13,1.94E+14,1.72E+15,1.62E+16,1.63E+17,3.72E+18,2.56E+20,2.64E+22,4.34E+24,1.13E+27,5.35E+29,None,-,-,-,-,-,-,-,-,-,-,-,-,-,-,-,-,-,-,-,-,-,-,-,-,-,-,-,-,-,-,-,-,-,-,-,-,None,-,-,-,-,-,-,-,-,-,-,-,-,-,-,-,-,-,-,-,-,-,-,-,-,-,-,-,-,-,-,-,-,-,-,-,-,None,0
CritSkillBoostDmg,Rogue,BranchGreen,1,3,OfflineGold,2,II,Assassinate,Deadly Strike damage / duration boost,30,400,400,400,400,400,400,400,400,400,400,400,400,400,400,400,400,400,400,400,400,400,400,400,400,400,400,400,400,400,400,-,-,-,-,-,-,1,3,4,5,6,7,8,9,10,11,12,13,14,15,16,17,18,19,20,21,22,24,31,34,38,42,47,52,58,64,-,-,-,-,-,-,CritBoostSkillAmount,0.00E+00,1.45E+00,4.31E+00,1.13E+01,3.16E+01,9.45E+01,3.03E+02,1.05E+03,3.85E+03,1.52E+04,6.35E+04,2.83E+05,1.33E+06,6.66E+06,3.51E+07,1.95E+08,1.14E+09,7.04E+09,4.55E+10,3.08E+11,2.19E+12,1.63E+13,1.38E+14,2.04E+15,3.63E+16,8.32E+17,2.42E+19,9.55E+20,5.00E+22,3.68E+24,3.74E+26,-,-,-,-,-,CritBoostSkillDuration,0,1,2,3,4,5,8,12,18,26,37,50,67,89,115,146,183,227,278,337,406,483,576,707,865,955,1040,1118,1188,1268,1328,-,-,-,-,-,None,-,-,-,-,-,-,-,-,-,-,-,-,-,-,-,-,-,-,-,-,-,-,-,-,-,-,-,-,-,-,-,-,-,-,-,-,None,0
UltraDagger,Rogue,BranchGreen,2,3,OfflineGold,2,II,Summon Dagger,Dagger QTE to deal damage and cooldown and titan skip,30,400,400,400,400,400,400,400,400,400,400,400,400,400,400,400,400,400,400,400,400,400,400,400,400,400,400,400,400,400,400,-,-,-,-,-,-,1,3,4,5,6,7,8,9,10,11,12,13,14,15,16,17,18,19,20,21,22,24,31,34,38,42,47,52,58,64,-,-,-,-,-,-,UltraDaggerDamage,0.00E+00,1.60E+00,4.72E+00,1.24E+01,3.42E+01,1.02E+02,3.24E+02,1.11E+03,4.05E+03,1.58E+04,6.56E+04,2.89E+05,1.35E+06,6.68E+06,3.48E+07,1.92E+08,1.11E+09,6.75E+09,4.31E+10,2.89E+11,2.03E+12,1.49E+13,1.25E+14,1.81E+15,3.16E+16,7.11E+17,2.03E+19,7.80E+20,3.99E+22,2.86E+24,2.82E+26,-,-,-,-,-,UltraDaggerCooldown,0.00,0.10,0.22,0.34,0.44,0.54,0.63,0.71,0.79,0.87,0.95,1.02,1.09,1.16,1.23,1.30,1.37,1.43,1.50,1.56,1.62,1.69,1.75,1.83,1.91,1.99,2.07,2.16,2.26,2.35,2.45,-,-,-,-,-,UltraDaggerTitanSkip,0,2,4,6,8,10,12,14,16,18,20,21,22,23,24,25,26,27,28,29,30,31,32,33,34,35,36,37,38,39,40,-,-,-,-,-,UltraDaggerCount,1
Cloaking,Rogue,BranchGreen,3,3,OfflineGold,2,II,Cloaking,Killing bosses has a chance to skip stages.,9,400,400,400,400,400,400,400,400,400,-,-,-,-,-,-,-,-,-,-,-,-,-,-,-,-,-,-,-,-,-,-,-,-,-,-,-,1,2,3,4,4,5,6,7,8,-,-,-,-,-,-,-,-,-,-,-,-,-,-,-,-,-,-,-,-,-,-,-,-,-,-,-,CloakedSkipChance,0.00,0.03,0.06,0.12,0.17,0.21,0.26,0.30,0.35,0.40,-,-,-,-,-,-,-,-,-,-,-,-,-,-,-,-,-,-,-,-,-,-,-,-,-,-,CloakedSkipAmount,10,10,10,10,10,10,10,10,10,10,-,-,-,-,-,-,-,-,-,-,-,-,-,-,-,-,-,-,-,-,-,-,-,-,-,-,None,-,-,-,-,-,-,-,-,-,-,-,-,-,-,-,-,-,-,-,-,-,-,-,-,-,-,-,-,-,-,-,-,-,-,-,-,CloakedStageDuration,1
Backstab,Rogue,BranchGreen,4,20,CritSkillBoostDmg,3,III,Backstab,Crit Damage during Deadly Strike,30,900,900,900,900,900,900,900,900,900,900,900,900,900,900,900,900,900,900,900,900,900,900,900,900,900,900,900,900,900,900,-,-,-,-,-,-,1,3,4,5,6,7,8,9,10,11,12,13,14,15,16,17,18,19,20,21,22,24,31,34,38,42,47,52,58,64,-,-,-,-,-,-,CritBoostSkillCritDamage,0.00E+00,1.40E+00,3.73E+00,8.91E+00,2.24E+01,6.01E+01,1.72E+02,5.23E+02,1.69E+03,5.80E+03,2.11E+04,8.07E+04,3.26E+05,1.39E+06,6.19E+06,2.90E+07,1.42E+08,7.30E+08,3.91E+09,2.19E+10,1.28E+11,7.77E+11,5.33E+12,6.02E+13,8.02E+14,1.34E+16,2.79E+17,7.62E+18,2.68E+20,1.29E+22,8.23E+23,-,-,-,-,-,None,-,-,-,-,-,-,-,-,-,-,-,-,-,-,-,-,-,-,-,-,-,-,-,-,-,-,-,-,-,-,-,-,-,-,-,-,None,-,-,-,-,-,-,-,-,-,-,-,-,-,-,-,-,-,-,-,-,-,-,-,-,-,-,-,-,-,-,-,-,-,-,-,-,None,0
PoisonedBlade,Rogue,BranchGreen,5,20,UltraDagger,3,III,Poison Edge,Daggers cause Titans to take more damage.,30,900,900,900,900,900,900,900,900,900,900,900,900,900,900,900,900,900,900,900,900,900,900,900,900,900,900,900,900,900,900,-,-,-,-,-,-,1,3,4,5,6,7,8,9,10,11,12,13,14,15,16,17,18,19,20,21,22,24,31,34,38,42,47,52,58,64,-,-,-,-,-,-,UltraDaggerPoisonBoost,0.00E+00,1.45E+00,3.89E+00,1.01E+01,2.89E+01,9.10E+01,3.16E+02,1.20E+03,5.03E+03,2.30E+04,1.14E+05,6.18E+05,3.62E+06,2.30E+07,1.57E+08,1.16E+09,9.19E+09,7.83E+10,7.15E+11,6.99E+12,7.31E+13,8.16E+14,1.08E+16,2.85E+17,9.57E+18,4.47E+20,2.86E+22,2.73E+24,3.80E+26,8.34E+28,2.82E+31,-,-,-,-,-,UltraDaggerCount,0,1,1,2,2,3,3,3,3,3,4,4,4,4,4,4,4,5,5,5,5,5,5,5,5,6,6,6,6,6,6,-,-,-,-,-,UltraDaggerStageSkip,0,3,6,9,12,14,16,18,20,22,24,26,28,30,32,34,35,36,37,38,39,40,41,42,43,44,45,46,47,48,49,-,-,-,-,-,UltraDaggerPoisonMaxCount,10
MultiMonsters,Rogue,BranchGreen,6,20,Cloaking,3,III,Ambush,Increased multi spawn chance,30,900,900,900,900,900,900,900,900,900,900,900,900,900,900,900,900,900,900,900,900,900,900,900,900,900,900,900,900,900,900,-,-,-,-,-,-,1,3,4,5,6,7,8,9,10,11,12,13,14,15,16,17,18,19,20,21,22,24,31,34,38,42,47,52,58,64,-,-,-,-,-,-,MultiMonstersGold,0.00E+00,1.45E+00,2.49E+00,4.63E+00,9.56E+00,2.19E+01,5.58E+01,1.57E+02,4.90E+02,1.68E+03,6.37E+03,2.65E+04,1.21E+05,6.05E+05,3.32E+06,1.99E+07,1.30E+08,9.29E+08,7.24E+09,6.14E+10,5.67E+11,5.70E+12,6.90E+13,1.68E+15,5.34E+16,2.45E+18,1.61E+20,1.66E+22,2.65E+24,7.17E+26,3.24E+29,-,-,-,-,-,MultiMonstersMaxCount,0,2,4,6,8,10,12,14,16,18,20,20,20,20,20,20,20,20,20,20,20,20,20,20,20,20,20,20,20,20,20,-,-,-,-,-,None,-,-,-,-,-,-,-,-,-,-,-,-,-,-,-,-,-,-,-,-,-,-,-,-,-,-,-,-,-,-,-,-,-,-,-,-,None,0
GuidedBlade,Rogue,BranchGreen,7,50,Backstab,4,IV,Deadly Focus,Stackable Deadly Strike,3,5000,5000,5000,-,-,-,-,-,-,-,-,-,-,-,-,-,-,-,-,-,-,-,-,-,-,-,-,-,-,-,-,-,-,-,-,-,20,70,160,-,-,-,-,-,-,-,-,-,-,-,-,-,-,-,-,-,-,-,-,-,-,-,-,-,-,-,-,-,-,-,-,-,CritBoostSkillStacksBonus,0.00E+00,4.56E+03,1.94E+04,1.57E+05,-,-,-,-,-,-,-,-,-,-,-,-,-,-,-,-,-,-,-,-,-,-,-,-,-,-,-,-,-,-,-,-,CritBoostSkillStacks,0,1,2,3,-,-,-,-,-,-,-,-,-,-,-,-,-,-,-,-,-,-,-,-,-,-,-,-,-,-,-,-,-,-,-,-,None,-,-,-,-,-,-,-,-,-,-,-,-,-,-,-,-,-,-,-,-,-,-,-,-,-,-,-,-,-,-,-,-,-,-,-,-,None,0
CriticalHit,Rogue,BranchGreen,8,50,PoisonedBlade,4,IV,Weakpoint Throw,Unlock Blade Stream Spell,20,5000,5000,5000,5000,5000,5000,5000,5000,5000,5000,5000,5000,5000,5000,5000,5000,5000,5000,5000,5000,-,-,-,-,-,-,-,-,-,-,-,-,-,-,-,-,3,6,9,14,18,22,26,30,34,38,42,45,49,52,54,57,60,63,65,68,-,-,-,-,-,-,-,-,-,-,-,-,-,-,-,-,StreamOfBladesSkillAmount,0.00E+00,1.60E+00,5.83E+00,2.10E+01,1.09E+02,6.84E+02,5.16E+03,4.61E+04,4.82E+05,5.84E+06,8.14E+07,1.30E+09,2.20E+10,4.25E+11,8.76E+12,1.82E+14,4.05E+15,9.66E+16,2.47E+18,6.40E+19,1.78E+21,-,-,-,-,-,-,-,-,-,-,-,-,-,-,-,UltraDaggerTargetDamage,0,1.70E+00,3.32E+00,6.44E+00,1.51E+01,3.91E+01,1.11E+02,3.46E+02,1.16E+03,4.23E+03,1.66E+04,6.93E+04,3.00E+05,1.39E+06,6.65E+06,3.20E+07,1.59E+08,8.22E+08,4.40E+09,2.37E+10,1.33E+11,-,-,-,-,-,-,-,-,-,-,-,-,-,-,-,StreamOfBladesDuration,0,1,11,26,51,85,127,179,240,311,392,484,583,693,811,935,590,710,850,1000,1200,-,-,-,-,-,-,-,-,-,-,-,-,-,-,-,UltraDaggerTargetDuration,15
LoadedDice,Rogue,BranchGreen,9,50,MultiMonsters,4,IV,Loaded Dice,All Gold / Probabilities during Hayst,20,5000,5000,5000,5000,5000,5000,5000,5000,5000,5000,5000,5000,5000,5000,5000,5000,5000,5000,5000,5000,-,-,-,-,-,-,-,-,-,-,-,-,-,-,-,-,3,6,9,14,18,22,26,30,34,38,42,45,49,52,54,57,60,63,65,68,-,-,-,-,-,-,-,-,-,-,-,-,-,-,-,-,AllProbabilityBoostDuringHayst,0,1.010,1.022,1.030,1.037,1.044,1.049,1.054,1.058,1.062,1.066,1.069,1.072,1.075,1.078,1.080,1.083,1.085,1.080,1.082,1.085,-,-,-,-,-,-,-,-,-,-,-,-,-,-,-,GoldAll,0,1.10E+00,1.69E+01,2.52E+02,8.17E+03,3.99E+05,2.86E+07,2.93E+09,4.17E+11,8.13E+13,2.13E+16,7.39E+18,2.94E+21,1.53E+24,9.16E+26,5.58E+29,3.93E+32,3.20E+35,3.01E+38,2.94E+41,3.31E+44,-,-,-,-,-,-,-,-,-,-,-,-,-,-,-,HaystMonsterSpawnChance,0,0.01,0.02,0.04,0.06,0.07,0.08,0.09,0.10,0.10,0.11,0.12,0.12,0.13,0.14,0.14,0.15,0.15,0.15,0.15,0.15,-,-,-,-,-,-,-,-,-,-,-,-,-,-,-,None,0
StreamOfBladesMultiCastSkill,Rogue,BranchGreen,11,100,CriticalHit,5,V,Mark of Death,Stackable Blade Stream,3,9000,9000,9000,-,-,-,-,-,-,-,-,-,-,-,-,-,-,-,-,-,-,-,-,-,-,-,-,-,-,-,-,-,-,-,-,-,20,70,160,-,-,-,-,-,-,-,-,-,-,-,-,-,-,-,-,-,-,-,-,-,-,-,-,-,-,-,-,-,-,-,-,-,StreamOfBladesSkillStacksBonus,0.00E+00,1.27E+02,1.13E+03,2.65E+04,-,-,-,-,-,-,-,-,-,-,-,-,-,-,-,-,-,-,-,-,-,-,-,-,-,-,-,-,-,-,-,-,StreamOfBladesSkillStacks,0,1,2,3,-,-,-,-,-,-,-,-,-,-,-,-,-,-,-,-,-,-,-,-,-,-,-,-,-,-,-,-,-,-,-,-,None,-,-,-,-,-,-,-,-,-,-,-,-,-,-,-,-,-,-,-,-,-,-,-,-,-,-,-,-,-,-,-,-,-,-,-,-,None,0
Transmutation,Alchemist,BranchPurple,0,0,None,1,I,Transmutation,Inscreased All Gold and Jackpot Gold,35,8000,8000,8000,8000,8000,8000,8000,8000,8000,8000,8000,8000,8000,8000,8000,8000,8000,8000,8000,8000,8000,8000,8000,8000,8000,8000,8000,8000,8000,8000,8000,8000,8000,8000,8000,-,1,2,3,5,6,7,8,9,10,11,12,13,14,15,16,17,18,19,20,21,22,23,24,25,26,27,28,29,30,41,56,62,69,76,85,-,JackpotGold,0.00E+00,1.30E+00,1.89E+00,2.96E+00,5.80E+00,1.22E+01,2.78E+01,6.80E+01,1.79E+02,5.09E+02,1.55E+03,5.06E+03,1.77E+04,6.60E+04,2.64E+05,1.12E+06,5.09E+06,2.46E+07,1.26E+08,6.90E+08,4.00E+09,2.46E+10,1.61E+11,1.11E+12,8.13E+12,6.30E+13,5.16E+14,4.47E+15,4.09E+16,3.95E+17,8.49E+18,5.30E+20,4.81E+22,6.75E+24,1.45E+27,5.35E+29,JackpotGoldChance,0.00,0.01,0.02,0.03,0.04,0.05,0.06,0.07,0.08,0.09,0.10,0.11,0.12,0.13,0.14,0.15,0.16,0.17,0.18,0.19,0.20,0.21,0.22,0.23,0.24,0.25,0.26,0.27,0.28,0.29,0.30,0.31,0.32,0.33,0.34,0.35,None,-,-,-,-,-,-,-,-,-,-,-,-,-,-,-,-,-,-,-,-,-,-,-,-,-,-,-,-,-,-,-,-,-,-,-,-,None,0
GoldGun,Alchemist,BranchPurple,1,3,Transmutation,2,II,Gold Gun,Unlocks Gold Gun and increases Gold Gun Damage and Gold Gun titan skip,30,8000,8000,8000,8000,8000,8000,8000,8000,8000,8000,8000,8000,8000,8000,8000,8000,8000,8000,8000,8000,8000,8000,8000,8000,8000,8000,8000,8000,8000,8000,-,-,-,-,-,-,1,3,4,5,6,7,8,9,10,11,12,13,14,15,16,17,18,19,20,21,22,24,31,34,38,42,47,52,58,64,-,-,-,-,-,-,GoldGunDamage,0.00E+00,1.55E+00,4.58E+00,1.20E+01,3.32E+01,9.86E+01,3.15E+02,1.08E+03,3.94E+03,1.54E+04,6.39E+04,2.82E+05,1.32E+06,6.52E+06,3.40E+07,1.87E+08,1.09E+09,6.62E+09,4.23E+10,2.84E+11,1.99E+12,1.46E+13,1.23E+14,1.79E+15,3.13E+16,7.03E+17,2.01E+19,7.75E+20,3.97E+22,2.85E+24,2.82E+26,-,-,-,-,-,GoldGunTitanSkip,0,4,8,12,16,20,24,28,32,35,38,41,42,43,44,45,46,47,48,49,50,51,52,53,54,55,56,57,58,59,60,-,-,-,-,-,None,-,-,-,-,-,-,-,-,-,-,-,-,-,-,-,-,-,-,-,-,-,-,-,-,-,-,-,-,-,-,-,-,-,-,-,-,None,0
ChestGold,Alchemist,BranchPurple,2,3,Transmutation,2,II,Chesterson Incense,Boost to chesterson gold / chesterton chance,30,8000,8000,8000,8000,8000,8000,8000,8000,8000,8000,8000,8000,8000,8000,8000,8000,8000,8000,8000,8000,8000,8000,8000,8000,8000,8000,8000,8000,8000,8000,-,-,-,-,-,-,1,3,4,5,6,7,8,9,10,11,12,13,14,15,16,17,18,19,20,21,22,24,31,34,38,42,47,52,58,64,-,-,-,-,-,-,ChestAmount,0.00E+00,1.80E+00,4.62E+00,1.07E+01,2.59E+01,6.67E+01,1.83E+02,5.34E+02,1.65E+03,5.39E+03,1.86E+04,6.78E+04,2.59E+05,1.04E+06,4.39E+06,1.94E+07,8.92E+07,4.30E+08,2.16E+09,1.13E+10,6.16E+10,3.49E+11,2.22E+12,2.28E+13,2.75E+14,4.13E+15,7.63E+16,1.83E+18,5.62E+19,2.32E+21,1.26E+23,-,-,-,-,-,ChestersonGoldStageAmount,0,1,2,3,4,5,6,7,8,9,10,11,12,13,14,15,16,17,18,19,20,21,22,23,24,25,26,27,28,29,30,-,-,-,-,-,None,-,-,-,-,-,-,-,-,-,-,-,-,-,-,-,-,-,-,-,-,-,-,-,-,-,-,-,-,-,-,-,-,-,-,-,-,None,0
MidasSkillBoost,Alchemist,BranchPurple,3,3,Transmutation,2,II,Midas Ultimate,HoM multiplier + fairy gold mult,30,8000,8000,8000,8000,8000,8000,8000,8000,8000,8000,8000,8000,8000,8000,8000,8000,8000,8000,8000,8000,8000,8000,8000,8000,8000,8000,8000,8000,8000,8000,-,-,-,-,-,-,1,3,4,5,6,7,8,9,10,11,12,13,14,15,16,17,18,19,20,21,22,24,31,34,38,42,47,52,58,64,-,-,-,-,-,-,HandOfMidasSkillAmount,0,1.51E+00,3.89E+00,9.00E+00,2.19E+01,5.66E+01,1.56E+02,4.56E+02,1.42E+03,4.65E+03,1.61E+04,5.89E+04,2.26E+05,9.13E+05,3.87E+06,1.71E+07,7.94E+07,3.85E+08,1.94E+09,1.02E+10,5.60E+10,3.20E+11,2.04E+12,2.12E+13,2.57E+14,3.90E+15,7.27E+16,1.76E+18,5.47E+19,2.28E+21,1.26E+23,-,-,-,-,-,HandOfMidasSkillDuration,0,1,3,6,10,16,23,32,43,56,71,89,108,131,155,182,212,245,281,320,361,406,445,478,508,536,563,589,615,640,664,-,-,-,-,-,None,-,-,-,-,-,-,-,-,-,-,-,-,-,-,-,-,-,-,-,-,-,-,-,-,-,-,-,-,-,-,-,-,-,-,-,-,None,0
MagnumOpus,Alchemist,BranchPurple,4,20,GoldGun,3,III,Magnum Opus,Unlocks Mangum Opus and increases Magnum Opus Damage and Magnum Opus Duration,30,8000,8000,8000,8000,8000,8000,8000,8000,8000,8000,8000,8000,8000,8000,8000,8000,8000,8000,8000,8000,8000,8000,8000,8000,8000,8000,8000,8000,8000,8000,-,-,-,-,-,-,1,3,4,5,6,7,8,9,10,11,12,13,14,15,16,17,18,19,20,21,22,24,31,34,38,42,47,52,58,64,-,-,-,-,-,-,MagnumOpusDamage,0.00E+00,1.50E+00,4.92E+00,1.41E+01,4.31E+01,1.42E+02,5.07E+02,1.95E+03,8.10E+03,3.60E+04,1.72E+05,8.74E+05,4.74E+06,2.73E+07,1.67E+08,1.09E+09,7.45E+09,5.40E+10,4.13E+11,3.32E+12,2.82E+13,2.51E+14,2.58E+15,4.86E+16,1.12E+18,3.40E+19,1.34E+21,7.34E+22,5.49E+24,5.95E+26,9.15E+28,-,-,-,-,-,GoldGunStageSkip,0.00E+00,3,6,8,10,12,14,16,18,20,22,24,26,28,29,30,31,32,33,34,35,36,37,38,39,40,41,42,43,44,45,-,-,-,-,-,None,-,-,-,-,-,-,-,-,-,-,-,-,-,-,-,-,-,-,-,-,-,-,-,-,-,-,-,-,-,-,-,-,-,-,-,-,None,0
LovePotion,Alchemist,BranchPurple,5,20,ChestGold,3,III,Love Potion,Increases MultiMonsters Chance and Special Titan Spawn Chance,9,8000,8000,8000,8000,8000,8000,8000,8000,8000,-,-,-,-,-,-,-,-,-,-,-,-,-,-,-,-,-,-,-,-,-,-,-,-,-,-,-,1,2,3,4,4,5,6,7,8,-,-,-,-,-,-,-,-,-,-,-,-,-,-,-,-,-,-,-,-,-,-,-,-,-,-,-,SpecialTitanSpawnChance,0.00,1.02,1.04,1.06,1.09,1.11,1.13,1.15,1.17,1.20,-,-,-,-,-,-,-,-,-,-,-,-,-,-,-,-,-,-,-,-,-,-,-,-,-,-,MultiMonsters,0,0.02,0.04,0.06,0.09,0.11,0.13,0.15,0.17,0.20,-,-,-,-,-,-,-,-,-,-,-,-,-,-,-,-,-,-,-,-,-,-,-,-,-,-,None,-,-,-,-,-,-,-,-,-,-,-,-,-,-,-,-,-,-,-,-,-,-,-,-,-,-,-,-,-,-,-,-,-,-,-,-,None,0
HandOfMidasMultiCastSkillBoost,Alchemist,BranchPurple,6,20,MidasSkillBoost,3,III,Midas Overflow,Stackable Hand of Midas,3,8000,8000,8000,-,-,-,-,-,-,-,-,-,-,-,-,-,-,-,-,-,-,-,-,-,-,-,-,-,-,-,-,-,-,-,-,-,20,70,160,-,-,-,-,-,-,-,-,-,-,-,-,-,-,-,-,-,-,-,-,-,-,-,-,-,-,-,-,-,-,-,-,-,HandOfMidasSkillStacksBonus,0.00E+00,1.22E+03,7.16E+03,9.20E+04,-,-,-,-,-,-,-,-,-,-,-,-,-,-,-,-,-,-,-,-,-,-,-,-,-,-,-,-,-,-,-,-,HandOfMidasSkillStacks,0,1,2,3,-,-,-,-,-,-,-,-,-,-,-,-,-,-,-,-,-,-,-,-,-,-,-,-,-,-,-,-,-,-,-,-,None,-,-,-,-,-,-,-,-,-,-,-,-,-,-,-,-,-,-,-,-,-,-,-,-,-,-,-,-,-,-,-,-,-,-,-,-,None,0
AuricShot,Alchemist,BranchPurple,7,50,MagnumOpus,4,IV,Auric Shot,Increased Gold Gun and Gold Gun Charge Boost,20,8000,8000,8000,8000,8000,8000,8000,8000,8000,8000,8000,8000,8000,8000,8000,8000,8000,8000,8000,8000,-,-,-,-,-,-,-,-,-,-,-,-,-,-,-,-,3,6,9,14,18,22,26,30,34,38,42,45,49,52,54,57,60,63,65,68,-,-,-,-,-,-,-,-,-,-,-,-,-,-,-,-,GoldGunDamage,0.00E+00,2.80E+00,2.04E+01,1.45E+02,1.81E+03,3.05E+04,6.77E+05,1.95E+07,7.14E+08,3.28E+10,1.87E+12,1.31E+14,1.01E+16,9.47E+17,9.81E+19,1.03E+22,1.21E+24,1.56E+26,2.25E+28,3.33E+30,5.48E+32,-,-,-,-,-,-,-,-,-,-,-,-,-,-,-,MagnumOpusDurationMult,0.00,1.01,1.02,1.02,1.03,1.04,1.05,1.05,1.06,1.07,1.08,1.08,1.09,1.10,1.11,1.11,1.12,1.13,1.13,1.14,1.13,-,-,-,-,-,-,-,-,-,-,-,-,-,-,-,None,-,-,-,-,-,-,-,-,-,-,-,-,-,-,-,-,-,-,-,-,-,-,-,-,-,-,-,-,-,-,-,-,-,-,-,-,None,0
KratosSummon,Alchemist,BranchPurple,8,50,LovePotion,4,IV,Sprouting Salts,Increased Kratos Damage and Kratos Stack and Kratos Spawn Chance,20,8000,8000,8000,8000,8000,8000,8000,8000,8000,8000,8000,8000,8000,8000,8000,8000,8000,8000,8000,8000,-,-,-,-,-,-,-,-,-,-,-,-,-,-,-,-,3,6,9,14,18,22,26,30,34,38,42,45,49,52,54,57,60,63,65,68,-,-,-,-,-,-,-,-,-,-,-,-,-,-,-,-,KratosMonsterBonusAmount,0.00,3.50E+00,3.53E+00,3.60E+00,3.74E+00,3.95E+00,4.28E+00,4.75E+00,5.41E+00,6.35E+00,7.69E+00,9.63E+00,1.24E+01,1.66E+01,2.29E+01,3.26E+01,4.78E+01,7.26E+01,1.14E+02,1.85E+02,3.12E+02,-,-,-,-,-,-,-,-,-,-,-,-,-,-,-,KratosMonsterStacks,0,2,3,3,4,5,6,6,7,8,9,9,10,11,12,12,13,14,15,15,16,-,-,-,-,-,-,-,-,-,-,-,-,-,-,-,KratosMonsterSpawnChance,0,0.003,0.013,0.021,0.027,0.033,0.038,0.043,0.047,0.051,0.054,0.058,0.061,0.064,0.067,0.069,0.072,0.066,0.069,0.072,0.075,-,-,-,-,-,-,-,-,-,-,-,-,-,-,-,None,0
RoyalContract,Alchemist,BranchPurple,9,50,HandOfMidasMultiCastSkillBoost,4,IV,Royal Contract,Activate QTE to drain mana for more gold.,20,8000,8000,8000,8000,8000,8000,8000,8000,8000,8000,8000,8000,8000,8000,8000,8000,8000,8000,8000,8000,-,-,-,-,-,-,-,-,-,-,-,-,-,-,-,-,3,6,9,14,18,22,26,30,34,38,42,45,49,52,54,57,60,63,65,68,-,-,-,-,-,-,-,-,-,-,-,-,-,-,-,-,RoyalContractMaxGold,0.00E+00,1.00E+01,1.58E+02,2.41E+03,8.05E+04,4.08E+06,3.04E+08,3.24E+10,4.84E+12,9.89E+14,2.73E+17,9.98E+19,4.20E+22,2.32E+25,1.47E+28,9.47E+30,7.09E+33,6.14E+36,6.14E+39,6.37E+42,7.66E+45,-,-,-,-,-,-,-,-,-,-,-,-,-,-,-,RoyalContractManaCostBase,0,0.14,0.16,0.17,0.18,0.19,0.20,0.21,0.21,0.22,0.23,0.23,0.24,0.24,0.25,0.25,0.25,0.25,0.25,0.25,0.25,-,-,-,-,-,-,-,-,-,-,-,-,-,-,-,None,-,-,-,-,-,-,-,-,-,-,-,-,-,-,-,-,-,-,-,-,-,-,-,-,-,-,-,-,-,-,-,-,-,-,-,-,RoyalContractTimeUntilMaxGold,1
ExplosivesExpert,Alchemist,BranchPurple,10,100,AuricShot,5,V,Explosives Expert,Unlocks the Golden Missile Spell,9,10000,10000,10000,10000,10000,10000,10000,10000,10000,-,-,-,-,-,-,-,-,-,-,-,-,-,-,-,-,-,-,-,-,-,-,-,-,-,-,-,1,2,3,4,4,5,6,7,8,-,-,-,-,-,-,-,-,-,-,-,-,-,-,-,-,-,-,-,-,-,-,-,-,-,-,-,GoldenMissileSkillCooldown,0,10,20,40,59,74,90,105,121,136,-,-,-,-,-,-,-,-,-,-,-,-,-,-,-,-,-,-,-,-,-,-,-,-,-,-,GoldenMissileStageSkip,0,14,28,42,56,70,83,96,109,122,-,-,-,-,-,-,-,-,-,-,-,-,-,-,-,-,-,-,-,-,-,-,-,-,-,-,None,-,-,-,-,-,-,-,-,-,-,-,-,-,-,-,-,-,-,-,-,-,-,-,-,-,-,-,-,-,-,-,-,-,-,-,-,None,0